{"textures":{"0":"modelengine:entity/heavy"},"elements":[{"name":"cube","from":[7.6903377,7.6903367,-4.4500003],"to":[8.290338,8.290337,10.55],"rotation":{"angle":0.0,"axis":"x","origin":[-6.7096624,7.840337,9.05]},"faces":{"down":{"uv":[4.125,7.125,4.0,10.25],"rotation":0,"texture":"#0","tintindex":0},"east":{"uv":[6.625,3.75,9.75,3.875],"rotation":0,"texture":"#0","tintindex":0},"north":{"uv":[1.5,4.5,1.625,4.625],"rotation":0,"texture":"#0","tintindex":0},"south":{"uv":[1.625,4.5,1.75,4.625],"rotation":0,"texture":"#0","tintindex":0},"up":{"uv":[4.0,10.25,3.875,7.125],"rotation":0,"texture":"#0","tintindex":0},"west":{"uv":[6.75,3.25,9.875,3.375],"rotation":0,"texture":"#0","tintindex":0}}},{"name":"cube","from":[5.903221,7.8532205,-3.2500005],"to":[10.103222,8.15322,-1.4500003],"rotation":{"angle":0.0,"axis":"x","origin":[-23.946777,4.25322,-2.3500004]},"faces":{"down":{"uv":[6.125,0.625,5.25,1.0],"rotation":0,"texture":"#0","tintindex":0},"east":{"uv":[1.5,4.25,1.875,4.3125],"rotation":0,"texture":"#0","tintindex":0},"north":{"uv":[5.25,1.0,6.125,1.0625],"rotation":0,"texture":"#0","tintindex":0},"south":{"uv":[5.25,1.125,6.125,1.1875],"rotation":0,"texture":"#0","tintindex":0},"up":{"uv":[6.0,4.0,5.125,3.625],"rotation":0,"texture":"#0","tintindex":0},"west":{"uv":[1.5,4.375,1.875,4.4375],"rotation":0,"texture":"#0","tintindex":0}}},{"name":"cube","from":[10.103222,7.8532205,-4.4500003],"to":[11.303222,8.15322,-0.25000024],"rotation":{"angle":0.0,"axis":"x","origin":[-23.946777,4.25322,-2.3500004]},"faces":{"down":{"uv":[5.625,7.125,5.375,8.0],"rotation":0,"texture":"#0","tintindex":0},"east":{"uv":[5.875,2.625,6.75,2.6875],"rotation":0,"texture":"#0","tintindex":0},"north":{"uv":[4.75,2.625,5.0,2.6875],"rotation":0,"texture":"#0","tintindex":0},"south":{"uv":[4.75,2.75,5.0,2.8125],"rotation":0,"texture":"#0","tintindex":0},"up":{"uv":[5.375,8.0,5.125,7.125],"rotation":0,"texture":"#0","tintindex":0},"west":{"uv":[5.875,2.75,6.75,2.8125],"rotation":0,"texture":"#0","tintindex":0}}},{"name":"cube","from":[4.7032213,7.8532205,-4.4500003],"to":[5.903221,8.15322,-0.25000024],"rotation":{"angle":0.0,"axis":"x","origin":[-23.946777,4.25322,-2.3500004]},"faces":{"down":{"uv":[5.125,7.125,4.875,8.0],"rotation":0,"texture":"#0","tintindex":0},"east":{"uv":[5.75,2.375,6.625,2.4375],"rotation":0,"texture":"#0","tintindex":0},"north":{"uv":[1.5,4.625,1.75,4.6875],"rotation":0,"texture":"#0","tintindex":0},"south":{"uv":[1.5,4.75,1.75,4.8125],"rotation":0,"texture":"#0","tintindex":0},"up":{"uv":[4.375,8.0,4.125,7.125],"rotation":0,"texture":"#0","tintindex":0},"west":{"uv":[5.75,2.5,6.625,2.5625],"rotation":0,"texture":"#0","tintindex":0}}}],"display":{"head":{"translation":[0.0,-6.4,0.0],"rotation":[0.0,0.0,0.0],"scale":[3.8095,3.8095,3.8095]}}}