{"textures":{"0":"modelengine:entity/cosmetic_crate_red"},"elements":[{"name":"cube","from":[4.43,6.5533333,-0.40000033],"to":[11.57,10.333334,0.019999504],"rotation":{"angle":0.0,"axis":"x","origin":[4.43,3.6133332,-0.40000033]},"faces":{"down":{"uv":[13.625,0.625,11.5,0.75],"rotation":0,"texture":"#0","tintindex":0},"east":{"uv":[11.25,11.75,11.375,12.875],"rotation":0,"texture":"#0","tintindex":0},"north":{"uv":[0.0,6.625,2.125,7.75],"rotation":0,"texture":"#0","tintindex":0},"south":{"uv":[2.125,6.625,4.25,7.75],"rotation":0,"texture":"#0","tintindex":0},"up":{"uv":[13.625,0.625,11.5,0.5],"rotation":0,"texture":"#0","tintindex":0},"west":{"uv":[11.375,11.75,11.5,12.875],"rotation":0,"texture":"#0","tintindex":0}}},{"name":"cube","from":[1.0699997,10.333334,-0.40000033],"to":[14.929999,11.173334,8.0],"rotation":{"angle":0.0,"axis":"x","origin":[1.0699997,3.6133332,-0.40000033]},"faces":{"down":{"uv":[8.875,2.5,4.75,5.0],"rotation":0,"texture":"#0","tintindex":0},"east":{"uv":[9.375,1.5,11.875,1.75],"rotation":0,"texture":"#0","tintindex":0},"north":{"uv":[9.375,1.0,13.5,1.25],"rotation":0,"texture":"#0","tintindex":0},"south":{"uv":[9.375,1.25,13.5,1.5],"rotation":0,"texture":"#0","tintindex":0},"up":{"uv":[8.875,2.5,4.75,0.0],"rotation":0,"texture":"#0","tintindex":0},"west":{"uv":[9.375,1.75,11.875,2.0],"rotation":0,"texture":"#0","tintindex":0}}},{"name":"cube","from":[15.14,9.913334,-0.8200002],"to":[16.82,11.593334,8.42],"rotation":{"angle":0.0,"axis":"x","origin":[15.98,3.6133332,-0.40000033]},"faces":{"down":{"uv":[8.625,9.125,8.125,11.875],"rotation":0,"texture":"#0","tintindex":0},"east":{"uv":[9.0,7.125,11.75,7.625],"rotation":0,"texture":"#0","tintindex":0},"north":{"uv":[11.625,4.25,12.125,4.75],"rotation":0,"texture":"#0","tintindex":0},"south":{"uv":[11.625,9.875,12.125,10.375],"rotation":0,"texture":"#0","tintindex":0},"up":{"uv":[8.125,11.875,7.625,9.125],"rotation":0,"texture":"#0","tintindex":0},"west":{"uv":[9.0,7.625,11.75,8.125],"rotation":0,"texture":"#0","tintindex":0}}},{"name":"cube","from":[1.0699997,8.233334,-0.40000033],"to":[4.43,10.333334,0.019999504],"rotation":{"angle":0.0,"axis":"x","origin":[4.43,3.6133332,-0.40000033]},"faces":{"down":{"uv":[12.875,2.375,11.875,2.5],"rotation":0,"texture":"#0","tintindex":0},"east":{"uv":[1.0,12.125,1.125,12.75],"rotation":0,"texture":"#0","tintindex":0},"north":{"uv":[2.375,7.75,3.375,8.375],"rotation":0,"texture":"#0","tintindex":0},"south":{"uv":[9.375,2.5,10.375,3.125],"rotation":0,"texture":"#0","tintindex":0},"up":{"uv":[12.875,2.375,11.875,2.25],"rotation":0,"texture":"#0","tintindex":0},"west":{"uv":[1.125,12.125,1.25,12.75],"rotation":0,"texture":"#0","tintindex":0}}},{"name":"cube","from":[11.57,8.233334,-0.40000033],"to":[14.929999,10.333334,0.019999504],"rotation":{"angle":0.0,"axis":"x","origin":[11.57,3.6133332,-0.40000033]},"faces":{"down":{"uv":[1.5,12.0,0.5,12.125],"rotation":0,"texture":"#0","tintindex":0},"east":{"uv":[2.125,12.125,2.25,12.75],"rotation":0,"texture":"#0","tintindex":0},"north":{"uv":[2.0,10.25,3.0,10.875],"rotation":0,"texture":"#0","tintindex":0},"south":{"uv":[3.0,10.25,4.0,10.875],"rotation":0,"texture":"#0","tintindex":0},"up":{"uv":[12.625,12.0,11.625,11.875],"rotation":0,"texture":"#0","tintindex":0},"west":{"uv":[2.25,12.125,2.375,12.75],"rotation":0,"texture":"#0","tintindex":0}}},{"name":"cube","from":[-0.8200002,9.913334,-0.8200002],"to":[0.8599999,11.593334,8.42],"rotation":{"angle":0.0,"axis":"x","origin":[0.019999504,3.6133332,-0.40000033]},"faces":{"down":{"uv":[7.625,9.125,7.125,11.875],"rotation":0,"texture":"#0","tintindex":0},"east":{"uv":[8.875,4.25,11.625,4.75],"rotation":0,"texture":"#0","tintindex":0},"north":{"uv":[11.625,3.25,12.125,3.75],"rotation":0,"texture":"#0","tintindex":0},"south":{"uv":[11.625,3.75,12.125,4.25],"rotation":0,"texture":"#0","tintindex":0},"up":{"uv":[2.0,11.75,1.5,9.0],"rotation":0,"texture":"#0","tintindex":0},"west":{"uv":[9.0,6.625,11.75,7.125],"rotation":0,"texture":"#0","tintindex":0}}},{"name":"cube","from":[6.3199997,11.173334,1.6999998],"to":[7.16,12.013333,5.8999996],"rotation":{"angle":0.0,"axis":"x","origin":[7.16,3.6133332,0.8599999]},"faces":{"down":{"uv":[7.125,9.25,6.125,10.5],"rotation":0,"texture":"#0","tintindex":0},"east":{"uv":[11.375,6.0,12.625,6.25],"rotation":0,"texture":"#0","tintindex":0},"north":{"uv":[2.375,8.375,3.375,8.625],"rotation":0,"texture":"#0","tintindex":0},"south":{"uv":[0.5,11.75,1.5,12.0],"rotation":0,"texture":"#0","tintindex":0},"up":{"uv":[10.25,6.0,10.0,4.75],"rotation":0,"texture":"#0","tintindex":0},"west":{"uv":[11.375,6.25,12.625,6.5],"rotation":0,"texture":"#0","tintindex":0}}},{"name":"cube","from":[7.16,11.173334,1.6999998],"to":[8.84,12.013333,2.5399995],"rotation":{"angle":0.0,"axis":"x","origin":[7.16,3.6133332,0.8599999]},"faces":{"down":{"uv":[7.125,9.25,6.125,10.5],"rotation":0,"texture":"#0","tintindex":0},"east":{"uv":[11.375,6.0,12.625,6.25],"rotation":0,"texture":"#0","tintindex":0},"north":{"uv":[2.375,8.375,3.375,8.625],"rotation":0,"texture":"#0","tintindex":0},"south":{"uv":[0.5,11.75,1.5,12.0],"rotation":0,"texture":"#0","tintindex":0},"up":{"uv":[10.0,6.0,9.5,5.75],"rotation":0,"texture":"#0","tintindex":0},"west":{"uv":[11.375,6.25,12.625,6.5],"rotation":0,"texture":"#0","tintindex":0}}},{"name":"cube","from":[7.16,11.173334,5.06],"to":[8.84,12.013333,5.8999996],"rotation":{"angle":0.0,"axis":"x","origin":[7.16,3.6133332,6.74]},"faces":{"down":{"uv":[7.125,10.5,6.125,9.25],"rotation":0,"texture":"#0","tintindex":0},"east":{"uv":[12.625,6.0,11.375,6.25],"rotation":0,"texture":"#0","tintindex":0},"north":{"uv":[1.5,11.75,0.5,12.0],"rotation":0,"texture":"#0","tintindex":0},"south":{"uv":[3.375,8.375,2.375,8.625],"rotation":0,"texture":"#0","tintindex":0},"up":{"uv":[10.0,5.75,9.5,6.0],"rotation":0,"texture":"#0","tintindex":0},"west":{"uv":[12.625,6.25,11.375,6.5],"rotation":0,"texture":"#0","tintindex":0}}},{"name":"cube","from":[8.84,11.173334,1.6999998],"to":[9.68,12.013333,5.8999996],"rotation":{"angle":0.0,"axis":"x","origin":[8.84,3.6133332,0.8599999]},"faces":{"down":{"uv":[6.125,9.25,7.125,10.5],"rotation":0,"texture":"#0","tintindex":0},"east":{"uv":[12.625,6.25,11.375,6.5],"rotation":0,"texture":"#0","tintindex":0},"north":{"uv":[3.375,8.375,2.375,8.625],"rotation":0,"texture":"#0","tintindex":0},"south":{"uv":[1.5,11.75,0.5,12.0],"rotation":0,"texture":"#0","tintindex":0},"up":{"uv":[10.0,6.0,10.25,4.75],"rotation":0,"texture":"#0","tintindex":0},"west":{"uv":[12.625,6.0,11.375,6.25],"rotation":0,"texture":"#0","tintindex":0}}},{"name":"cube","from":[7.0158787,11.173334,1.0041211],"to":[9.391758,12.009133,3.3799999],"rotation":{"angle":-45.0,"axis":"y","origin":[8.695879,11.593334,1.6999998]},"faces":{"down":{"uv":[4.75,10.75,4.0,11.5],"rotation":0,"texture":"#0","tintindex":0},"east":{"uv":[11.75,7.5,12.5,7.75],"rotation":0,"texture":"#0","tintindex":0},"north":{"uv":[11.75,7.25,12.5,7.5],"rotation":0,"texture":"#0","tintindex":0},"south":{"uv":[11.75,7.75,12.5,8.0],"rotation":0,"texture":"#0","tintindex":0},"up":{"uv":[4.125,8.5,3.375,7.75],"rotation":0,"texture":"#0","tintindex":0},"west":{"uv":[11.75,8.625,12.5,8.875],"rotation":0,"texture":"#0","tintindex":0}}},{"name":"cube","from":[9.985727,11.173334,6.434273],"to":[12.361607,12.009133,8.810151],"rotation":{"angle":-45.0,"axis":"y","origin":[11.665727,11.593334,2.9301515]},"faces":{"down":{"uv":[3.5,10.875,2.75,11.625],"rotation":0,"texture":"#0","tintindex":0},"east":{"uv":[11.75,9.125,12.5,9.375],"rotation":0,"texture":"#0","tintindex":0},"north":{"uv":[11.75,8.875,12.5,9.125],"rotation":0,"texture":"#0","tintindex":0},"south":{"uv":[11.875,1.5,12.625,1.75],"rotation":0,"texture":"#0","tintindex":0},"up":{"uv":[2.75,11.625,2.0,10.875],"rotation":0,"texture":"#0","tintindex":0},"west":{"uv":[11.875,1.75,12.625,2.0],"rotation":0,"texture":"#0","tintindex":0}}},{"name":"cube","from":[7.37,8.233334,8.0],"to":[8.63,11.173334,8.42],"rotation":{"angle":0.0,