{"textures":{"0":"modelengine:entity/grid_car_2_blue"},"elements":[{"name":"cube","from":[13.115077,5.7819805,5.0],"to":[17.315077,8.18198,11.6],"rotation":{"angle":-45.0,"axis":"z","origin":[10.115076,8.18198,6.2]},"faces":{"down":{"uv":[5.0,5.9375,5.4375,6.625],"rotation":0,"texture":"#0","tintindex":0},"east":{"uv":[5.375,3.9375,4.6875,4.1875],"rotation":0,"texture":"#0","tintindex":0},"north":{"uv":[5.9375,3.3125,5.5,3.5625],"rotation":0,"texture":"#0","tintindex":0},"south":{"uv":[7.25,1.9375,6.8125,2.1875],"rotation":0,"texture":"#0","tintindex":0},"up":{"uv":[2.4375,6.3125,2.875,5.625],"rotation":0,"texture":"#0","tintindex":0},"west":{"uv":[1.8125,3.9375,1.125,4.1875],"rotation":0,"texture":"#0","tintindex":0}}},{"name":"cube","from":[13.715076,6.3819804,4.3999996],"to":[16.715076,7.5819807,25.400002],"rotation":{"angle":-45.0,"axis":"z","origin":[10.115076,8.18198,6.2]},"faces":{"down":{"uv":[2.875,4.1875,3.1875,6.375],"rotation":0,"texture":"#0","tintindex":0},"east":{"uv":[7.6875,4.5625,5.5,4.6875],"rotation":0,"texture":"#0","tintindex":0},"north":{"uv":[1.125,4.9375,0.8125,5.0625],"rotation":0,"texture":"#0","tintindex":0},"south":{"uv":[5.75,0.5,5.4375,0.625],"rotation":0,"texture":"#0","tintindex":0},"up":{"uv":[2.875,6.375,3.1875,4.1875],"rotation":0,"texture":"#0","tintindex":0},"west":{"uv":[7.6875,4.4375,5.5,4.5625],"rotation":0,"texture":"#0","tintindex":0}}},{"name":"cube","from":[8.315076,6.68198,9.2],"to":[14.915076,7.2819805,10.4],"rotation":{"angle":-45.0,"axis":"z","origin":[10.115076,8.18198,6.2]},"faces":{"down":{"uv":[3.75,1.0,4.4375,1.125],"rotation":0,"texture":"#0","tintindex":0},"east":{"uv":[2.8125,1.25,2.6875,1.3125],"rotation":0,"texture":"#0","tintindex":0},"north":{"uv":[4.4375,1.125,3.75,1.1875],"rotation":0,"texture":"#0","tintindex":0},"south":{"uv":[6.625,0.9375,5.9375,1.0],"rotation":0,"texture":"#0","tintindex":0},"up":{"uv":[2.0,1.3125,2.6875,1.1875],"rotation":0,"texture":"#0","tintindex":0},"west":{"uv":[2.8125,1.1875,2.6875,1.25],"rotation":0,"texture":"#0","tintindex":0}}},{"name":"cube","from":[8.315076,6.68198,5.6],"to":[14.915076,7.2819805,6.8],"rotation":{"angle":-45.0,"axis":"z","origin":[10.115076,8.18198,6.2]},"faces":{"down":{"uv":[3.75,1.0,4.4375,1.125],"rotation":0,"texture":"#0","tintindex":0},"east":{"uv":[2.8125,1.25,2.6875,1.3125],"rotation":0,"texture":"#0","tintindex":0},"north":{"uv":[4.4375,1.125,3.75,1.1875],"rotation":0,"texture":"#0","tintindex":0},"south":{"uv":[6.625,0.9375,5.9375,1.0],"rotation":0,"texture":"#0","tintindex":0},"up":{"uv":[2.0,1.3125,2.6875,1.1875],"rotation":0,"texture":"#0","tintindex":0},"west":{"uv":[2.8125,1.1875,2.6875,1.25],"rotation":0,"texture":"#0","tintindex":0}}}],"display":{"head":{"translation":[0.0,-6.4,0.0],"rotation":[0.0,0.0,0.0],"scale":[3.8095,3.8095,3.8095]}}}