{"textures":{"0":"modelengine:entity/angle_squishy"},"elements":[{"name":"cube","from":[3.7999997,11.3466015,4.0333333],"to":[12.2,15.546602,11.833334],"rotation":{"angle":0.0,"axis":"x","origin":[3.7999997,11.3466015,4.0333333]},"faces":{"down":{"uv":[7.0,3.625,5.25,5.25],"rotation":0,"texture":"#0","tintindex":0},"east":{"uv":[7.0,4.625,8.625,5.5],"rotation":0,"texture":"#0","tintindex":0},"north":{"uv":[6.875,1.375,8.625,2.25],"rotation":0,"texture":"#0","tintindex":0},"south":{"uv":[6.875,2.25,8.625,3.125],"rotation":0,"texture":"#0","tintindex":0},"up":{"uv":[5.25,5.625,3.5,4.0],"rotation":0,"texture":"#0","tintindex":0},"west":{"uv":[7.0,5.5,8.625,6.375],"rotation":0,"texture":"#0","tintindex":0}}},{"name":"cube","from":[3.4999998,11.3466015,3.733333],"to":[12.5,15.546602,11.533334],"rotation":{"angle":0.0,"axis":"x","origin":[3.4999998,11.3466015,4.0333333]},"faces":{"down":{"uv":[11.375,9.0,9.5,10.625],"rotation":0,"texture":"#0","tintindex":0},"east":{"uv":[1.875,9.875,3.5,10.75],"rotation":0,"texture":"#0","tintindex":0},"north":{"uv":[9.5,5.5,11.375,6.375],"rotation":0,"texture":"#0","tintindex":0},"south":{"uv":[0.0,9.75,1.875,10.625],"rotation":0,"texture":"#0","tintindex":0},"up":{"uv":[3.875,1.625,2.0,0.0],"rotation":0,"texture":"#0","tintindex":0},"west":{"uv":[9.875,2.5,11.5,3.375],"rotation":0,"texture":"#0","tintindex":0}}},{"name":"cube","from":[3.7999997,15.546602,4.633333],"to":[12.2,16.146603,11.233334],"rotation":{"angle":0.0,"axis":"x","origin":[4.3999996,11.3466015,4.0333333]},"faces":{"down":{"uv":[7.25,0.0,5.5,1.375],"rotation":0,"texture":"#0","tintindex":0},"east":{"uv":[7.25,1.25,8.625,1.375],"rotation":0,"texture":"#0","tintindex":0},"north":{"uv":[9.0,4.125,10.75,4.25],"rotation":0,"texture":"#0","tintindex":0},"south":{"uv":[9.0,4.25,10.75,4.375],"rotation":0,"texture":"#0","tintindex":0},"up":{"uv":[7.0,6.625,5.25,5.25],"rotation":0,"texture":"#0","tintindex":0},"west":{"uv":[9.25,7.25,10.625,7.375],"rotation":0,"texture":"#0","tintindex":0}}},{"name":"cube","from":[4.3999996,15.546602,4.0333333],"to":[11.6,16.146603,4.633333],"rotation":{"angle":0.0,"axis":"x","origin":[4.3999996,11.3466015,4.0333333]},"faces":{"down":{"uv":[10.625,0.125,9.125,0.25],"rotation":0,"texture":"#0","tintindex":0},"east":{"uv":[4.0,3.875,4.125,4.0],"rotation":0,"texture":"#0","tintindex":0},"north":{"uv":[9.0,4.375,10.5,4.5],"rotation":0,"texture":"#0","tintindex":0},"south":{"uv":[9.0,4.5,10.5,4.625],"rotation":0,"texture":"#0","tintindex":0},"up":{"uv":[10.625,0.125,9.125,0.0],"rotation":0,"texture":"#0","tintindex":0},"west":{"uv":[4.125,3.875,4.25,4.0],"rotation":0,"texture":"#0","tintindex":0}}},{"name":"cube","from":[4.7,18.846601,4.333333],"to":[11.3,20.0466,5.5333333],"rotation":{"angle":0.0,"axis":"x","origin":[4.7,11.3466015,4.0333333]},"faces":{"down":{"uv":[8.125,9.375,6.75,9.625],"rotation":0,"texture":"#0","tintindex":0},"east":{"uv":[0.5,6.625,0.75,6.875],"rotation":0,"texture":"#0","tintindex":0},"north":{"uv":[5.5,1.875,6.875,2.125],"rotation":0,"texture":"#0","tintindex":0},"south":{"uv":[0.0,7.0,1.375,7.25],"rotation":0,"texture":"#0","tintindex":0},"up":{"uv":[1.375,7.5,0.0,7.25],"rotation":0,"texture":"#0","tintindex":0},"west":{"uv":[6.75,3.125,7.0,3.375],"rotation":0,"texture":"#0","tintindex":0}}},{"name":"cube","from":[4.7,18.846601,9.733334],"to":[11.3,20.0466,10.933334],"rotation":{"angle":0.0,"axis":"x","origin":[4.7,11.3466015,4.0333333]},"faces":{"down":{"uv":[6.875,1.625,5.5,1.875],"rotation":0,"texture":"#0","tintindex":0},"east":{"uv":[3.375,1.625,3.625,1.875],"rotation":0,"texture":"#0","tintindex":0},"north":{"uv":[2.0,1.625,3.375,1.875],"rotation":0,"texture":"#0","tintindex":0},"south":{"uv":[2.0,1.875,3.375,2.125],"rotation":0,"texture":"#0","tintindex":0},"up":{"uv":[6.875,1.625,5.5,1.375],"rotation":0,"texture":"#0","tintindex":0},"west":{"uv":[3.375,1.875,3.625,2.125],"rotation":0,"texture":"#0","tintindex":0}}},{"name":"cube","from":[4.7,18.846601,5.5333333],"to":[5.8999996,20.0466,9.733334],"rotation":{"angle":0.0,"axis":"x","origin":[4.7,11.3466015,4.0333333]},"faces":{"down":{"uv":[6.25,2.625,6.0,3.5],"rotation":0,"texture":"#0","tintindex":0},"east":{"uv":[6.0,2.125,6.875,2.375],"rotation":0,"texture":"#0","tintindex":0},"north":{"uv":[3.625,1.625,3.875,1.875],"rotation":0,"texture":"#0","tintindex":0},"south":{"uv":[3.625,1.875,3.875,2.125],"rotation":0,"texture":"#0","tintindex":0},"up":{"uv":[5.25,6.5,5.0,5.625],"rotation":0,"texture":"#0","tintindex":0},"west":{"uv":[6.0,2.375,6.875,2.625],"rotation":0,"texture":"#0","tintindex":0}}},{"name":"cube","from":[10.1,18.846601,5.5333333],"to":[11.3,20.0466,9.733334],"rotation":{"angle":0.0,"axis":"x","origin":[11.3,11.3466015,4.0333333]},"faces":{"down":{"uv":[6.75,2.625,6.5,3.5],"rotation":0,"texture":"#0","tintindex":0},"east":{"uv":[0.0,6.125,0.875,6.375],"rotation":0,"texture":"#0","tintindex":0},"north":{"uv":[0.0,6.625,0.25,6.875],"rotation":0,"texture":"#0","tintindex":0},"south":{"uv":[0.25,6.625,0.5,6.875],"rotation":0,"texture":"#0","tintindex":0},"up":{"uv":[6.5,3.5,6.25,2.625],"rotation":0,"texture":"#0","tintindex":0},"west":{"uv":[0.0,6.375,0.875,6.625],"rotation":0,"texture":"#0","tintindex":0}}},{"name":"cube","from":[4.7,15.8466015,4.9333334],"to":[11.3,17.046602,10.933334],"rotation":{"angle":0.0,"axis":"x","origin":[4.7,11.3466015,4.0333333]},"faces":{"down":{"uv":[7.75,6.625,6.375,7.875],"rotation":0,"texture":"#0","tintindex":0},"east":{"uv":[4.0,3.625,5.25,3.875],"rotation":0,"texture":"#0","tintindex":0},"north":{"uv":[7.25,0.75,8.625,1.0],"rotation":0,"texture":"#0","tintindex":0},"south":{"uv":[7.25,1.0,8.625,1.25],"rotation":0,"texture":"#0","tintindex":0},"up":{"uv":[6.375,7.875,5.0,6.625],"rotation":0,"texture":"#0","tintindex":0},"west":{"uv":[9.0,3.875,10.25,4.125],"rotation":0,"texture":"#0","tintindex":0}}},{"name":"cube","from":[4.3999996,15.546602,11.233334],"to":[11.6,16.146603,11.833334],"rotation":{"angle":0.0,"axis":"x","origin":[4.3999996,11.3466015,4.0333333]},"faces":{"down":{"uv":[10.625,0.625,9.125,0.75],"rotation":0,"texture":"#0","tintindex":0},"east":{"uv":[4.25,3.875,4.375,4.0],"rotation":0,"texture":"#0","tintindex":0},"north":{"uv":[9.125,0.25,10.625,0.375],"rotation":0,"texture":"#0","tintindex":0},"south":{"uv":[9.125,0.375,10.625,0.5],"rotation":0,"texture":"#0","tintindex":0},"up":{"uv":[10.625,0.625,9.125,0.5],"rotation":0,"texture":"#0","tintindex":0},"west":{"uv":[4.375,3.875,4.5,4.0],"rotation":0,"texture":"#0","tintindex":0}}},{"name":"cube","from":[3.1699996,8.046601,2.8333335],"to":[12.83,11.646602,11.833334],"rotation":{"angle":0.0,"axis":"x","origin":[7.97,10.746601,7.9333334]},"faces":{"down":{"uv":[4.0,2.125,2.0,4.0],"rotation":0,"texture":"#0","tintindex":0},"east":{"uv":[7.25,0.0,9.125,0.75],"rotation":0,"texture":"#0","tintindex":0},"north":{"uv":[7.0,3.125,9.0,3.875],"rotation":0,"texture":"#0","tintindex":0},"south":{"uv":[7.0,3.875,9.0,4.625],"rotation":0,"texture":"#0","tintindex":0},"up":{"uv":[2.0,4.0,0.0,2.125],"rotation":0,"texture":"#0","tintindex":0},"west":{"uv":[0.875,7.625,2.75,8.375],"rotation":0,"texture":"#0","tintindex":0}}},{"name":"cube inverted","from":[12.5,15.546602,11.533334],"to":[3.4999998,11.3466015,3.733333],"rotation":{"angle":0.0,"axis":"x","origin":[3.4999998,11.3466015,4.0333333]},"faces":{"down":{"uv":[2.0,1.625,3.875,0.0],"rotation":0,"texture":"#0","tintindex":0},"east":{"uv":[9.875,3.375,11.5,2.5],"rotation":0,"texture":"#0","tintindex":0},"north":{"uv":[0.0,10.625,1.875,9.75],"rotation":0,"texture":"#0","tintindex":0},"south":{"uv":[9.5,6.375,11.375,5.5],"rotation":0,"texture":"#0","tintindex":0},"up":{"uv":[9.5,9.0,11.375,10.625],"rotation":0,"texture":"#0","tintindex":0},"west":{"uv":[1.875,10.75,3.5,9.875],"rotation":0,"texture":"#0","tintindex":0}}}],"display":{"head":{"translation":[0.0,-6.4,0.0],"rotation":[0.0,0.0,0.0],"scale":[3.8095,3.8095,3.8095]}}}