{"textures":{"0":"modelengine:entity/squishy_viking"},"elements":[{"name":"cube","from":[3.7999997,11.3466015,4.0333333],"to":[12.2,15.546602,11.833334],"rotation":{"angle":0.0,"axis":"x","origin":[3.7999997,11.3466015,4.0333333]},"faces":{"down":{"uv":[7.0,3.625,5.25,5.25],"rotation":0,"texture":"#0","tintindex":0},"east":{"uv":[7.0,4.625,8.625,5.5],"rotation":0,"texture":"#0","tintindex":0},"north":{"uv":[6.875,1.375,8.625,2.25],"rotation":0,"texture":"#0","tintindex":0},"south":{"uv":[6.875,2.25,8.625,3.125],"rotation":0,"texture":"#0","tintindex":0},"up":{"uv":[5.25,5.625,3.5,4.0],"rotation":0,"texture":"#0","tintindex":0},"west":{"uv":[7.0,5.5,8.625,6.375],"rotation":0,"texture":"#0","tintindex":0}}},{"name":"cube","from":[3.7999997,15.546602,4.633333],"to":[12.2,16.146603,11.233334],"rotation":{"angle":0.0,"axis":"x","origin":[4.3999996,11.3466015,4.0333333]},"faces":{"down":{"uv":[7.25,0.0,5.5,1.375],"rotation":0,"texture":"#0","tintindex":0},"east":{"uv":[7.25,1.25,8.625,1.375],"rotation":0,"texture":"#0","tintindex":0},"north":{"uv":[9.0,4.125,10.75,4.25],"rotation":0,"texture":"#0","tintindex":0},"south":{"uv":[9.0,4.25,10.75,4.375],"rotation":0,"texture":"#0","tintindex":0},"up":{"uv":[7.0,6.625,5.25,5.25],"rotation":0,"texture":"#0","tintindex":0},"west":{"uv":[9.25,7.25,10.625,7.375],"rotation":0,"texture":"#0","tintindex":0}}},{"name":"cube","from":[3.1999998,14.646602,3.733333],"to":[12.8,15.8466015,12.133334],"rotation":{"angle":0.0,"axis":"x","origin":[3.1999998,11.3466015,4.0333333]},"faces":{"down":{"uv":[11.5,0.0,9.5,1.75],"rotation":0,"texture":"#0","tintindex":0},"east":{"uv":[9.875,3.25,11.625,3.5],"rotation":0,"texture":"#0","tintindex":0},"north":{"uv":[2.25,9.875,4.25,10.125],"rotation":0,"texture":"#0","tintindex":0},"south":{"uv":[9.875,3.0,11.875,3.25],"rotation":0,"texture":"#0","tintindex":0},"up":{"uv":[11.25,9.125,9.25,7.375],"rotation":0,"texture":"#0","tintindex":0},"west":{"uv":[9.875,3.5,11.625,3.75],"rotation":0,"texture":"#0","tintindex":0}}},{"name":"cube","from":[3.7993999,15.8466015,4.333333],"to":[12.2006,18.246601,11.533334],"rotation":{"angle":0.0,"axis":"x","origin":[3.7999997,11.3466015,4.0333333]},"faces":{"down":{"uv":[11.25,4.375,9.5,5.875],"rotation":0,"texture":"#0","tintindex":0},"east":{"uv":[9.5,9.625,11.0,10.125],"rotation":0,"texture":"#0","tintindex":0},"north":{"uv":[9.5,5.875,11.25,6.375],"rotation":0,"texture":"#0","tintindex":0},"south":{"uv":[9.5,9.125,11.25,9.625],"rotation":0,"texture":"#0","tintindex":0},"up":{"uv":[8.25,10.875,6.5,9.375],"rotation":0,"texture":"#0","tintindex":0},"west":{"uv":[0.0,9.75,1.5,10.25],"rotation":0,"texture":"#0","tintindex":0}}},{"name":"cube","from":[1.9993995,16.746601,6.7333336],"to":[4.9994,19.146603,9.133333],"rotation":{"angle":-22.5,"axis":"z","origin":[2.8993995,18.846601,7.9333334]},"faces":{"down":{"uv":[5.5,10.0,4.875,10.5],"rotation":0,"texture":"#0","tintindex":0},"east":{"uv":[5.5,1.375,6.0,1.875],"rotation":0,"texture":"#0","tintindex":0},"north":{"uv":[0.875,7.0,1.5,7.5],"rotation":0,"texture":"#0","tintindex":0},"south":{"uv":[9.875,6.375,10.5,6.875],"rotation":0,"texture":"#0","tintindex":0},"up":{"uv":[4.875,10.5,4.25,10.0],"rotation":0,"texture":"#0","tintindex":0},"west":{"uv":[8.25,10.0,8.75,10.5],"rotation":0,"texture":"#0","tintindex":0}}},{"name":"cube","from":[1.0495994,17.950731,7.3333335],"to":[2.2495995,20.95073,8.533334],"rotation":{"angle":22.5,"axis":"z","origin":[2.2495995,19.45073,7.9333334]},"faces":{"down":{"uv":[6.0,1.875,5.75,2.125],"rotation":0,"texture":"#0","tintindex":0},"east":{"uv":[8.75,10.0,9.0,10.625],"rotation":0,"texture":"#0","tintindex":0},"north":{"uv":[5.0,5.625,5.25,6.25],"rotation":0,"texture":"#0","tintindex":0},"south":{"uv":[9.0,10.0,9.25,10.625],"rotation":0,"texture":"#0","tintindex":0},"up":{"uv":[5.75,2.125,5.5,1.875],"rotation":0,"texture":"#0","tintindex":0},"west":{"uv":[9.25,10.0,9.5,10.625],"rotation":0,"texture":"#0","tintindex":0}}},{"name":"cube","from":[11.0006,16.746601,6.7333336],"to":[14.0006,19.146603,9.133333],"rotation":{"angle":22.5,"axis":"z","origin":[13.1006,18.846601,7.9333334]},"faces":{"down":{"uv":[4.875,10.0,5.5,10.5],"rotation":0,"texture":"#0","tintindex":0},"east":{"uv":[8.75,10.0,8.25,10.5],"rotation":0,"texture":"#0","tintindex":0},"north":{"uv":[1.5,7.0,0.875,7.5],"rotation":0,"texture":"#0","tintindex":0},"south":{"uv":[10.5,6.375,9.875,6.875],"rotation":0,"texture":"#0","tintindex":0},"up":{"uv":[4.25,10.5,4.875,10.0],"rotation":0,"texture":"#0","tintindex":0},"west":{"uv":[6.0,1.375,5.5,1.875],"rotation":0,"texture":"#0","tintindex":0}}},{"name":"cube","from":[13.7504,17.950731,7.3333335],"to":[14.9504,20.95073,8.533334],"rotation":{"angle":-22.5,"axis":"z","origin":[13.7504,19.45073,7.9333334]},"faces":{"down":{"uv":[5.75,1.875,6.0,2.125],"rotation":0,"texture":"#0","tintindex":0},"east":{"uv":[9.5,10.0,9.25,10.625],"rotation":0,"texture":"#0","tintindex":0},"north":{"uv":[5.25,5.625,5.0,6.25],"rotation":0,"texture":"#0","tintindex":0},"south":{"uv":[9.25,10.0,9.0,10.625],"rotation":0,"texture":"#0","tintindex":0},"up":{"uv":[5.5,2.125,5.75,1.875],"rotation":0,"texture":"#0","tintindex":0},"west":{"uv":[9.0,10.0,8.75,10.625],"rotation":0,"texture":"#0","tintindex":0}}},{"name":"cube","from":[7.1,15.8466015,3.733333],"to":[8.9,18.846601,12.133334],"rotation":{"angle":0.0,"axis":"x","origin":[7.1006002,11.3466015,4.0333333]},"faces":{"down":{"uv":[2.25,9.75,1.875,11.5],"rotation":0,"texture":"#0","tintindex":0},"east":{"uv":[9.5,1.75,11.25,2.375],"rotation":0,"texture":"#0","tintindex":0},"north":{"uv":[9.125,0.0,9.5,0.625],"rotation":0,"texture":"#0","tintindex":0},"south":{"uv":[5.5,10.0,5.875,10.625],"rotation":0,"texture":"#0","tintindex":0},"up":{"uv":[1.875,11.5,1.5,9.75],"rotation":0,"texture":"#0","tintindex":0},"west":{"uv":[9.5,2.375,11.25,3.0],"rotation":0,"texture":"#0","tintindex":0}}},{"name":"cube","from":[3.1999998,8.046601,2.8333335],"to":[12.8,11.646602,11.833334],"rotation":{"angle":0.0,"axis":"x","origin":[8.0,10.746601,7.9333334]},"faces":{"down":{"uv":[4.0,2.125,2.0,4.0],"rotation":0,"texture":"#0","tintindex":0},"east":{"uv":[7.25,0.0,9.125,0.75],"rotation":0,"texture":"#0","tintindex":0},"north":{"uv":[7.0,3.125,9.0,3.875],"rotation":0,"texture":"#0","tintindex":0},"south":{"uv":[7.0,3.875,9.0,4.625],"rotation":0,"texture":"#0","tintindex":0},"up":{"uv":[2.0,4.0,0.0,2.125],"rotation":0,"texture":"#0","tintindex":0},"west":{"uv":[0.875,7.625,2.75,8.375],"rotation":0,"texture":"#0","tintindex":0}}}],"display":{"head":{"translation":[0.0,-6.4,0.0],"rotation":[0.0,0.0,0.0],"scale":[3.8095,3.8095,3.8095]}}}