{"textures":{"0":"modelengine:entity/ape_hub","1":"modelengine:entity/hoodie","2":"modelengine:entity/round_glasses"},"elements":[{"name":"cube","from":[4.22,6.1399994,1.7017661],"to":[18.02,7.9399996,11.301766],"rotation":{"angle":0.0,"axis":"x","origin":[4.22,-7.660001,15.501767]},"faces":{"down":{"uv":[7.1875,5.9375,5.75,6.9375],"rotation":0,"texture":"#0","tintindex":0},"east":{"uv":[6.1875,0.625,7.1875,0.8125],"rotation":0,"texture":"#0","tintindex":0},"north":{"uv":[6.125,1.625,7.5625,1.8125],"rotation":0,"texture":"#0","tintindex":0},"south":{"uv":[6.1875,0.4375,7.625,0.625],"rotation":0,"texture":"#0","tintindex":0},"up":{"uv":[7.1875,6.9375,5.75,5.9375],"rotation":0,"texture":"#0","tintindex":0},"west":{"uv":[6.1875,0.8125,7.1875,1.0],"rotation":0,"texture":"#0","tintindex":0}}},{"name":"cube","from":[6.62,7.9399996,6.501766],"to":[7.8199997,8.54,7.7017665],"rotation":{"angle":45.0,"axis":"y","origin":[7.22,8.24,7.1017666]},"faces":{"down":{"uv":[5.4375,2.0,5.3125,2.125],"rotation":0,"texture":"#0","tintindex":0},"east":{"uv":[5.375,0.8125,5.5,0.875],"rotation":0,"texture":"#0","tintindex":0},"north":{"uv":[5.375,0.75,5.5,0.8125],"rotation":0,"texture":"#0","tintindex":0},"south":{"uv":[5.375,3.1875,5.5,3.25],"rotation":0,"texture":"#0","tintindex":0},"up":{"uv":[5.4375,2.0,5.3125,1.875],"rotation":0,"texture":"#0","tintindex":0},"west":{"uv":[5.375,3.25,5.5,3.3125],"rotation":0,"texture":"#0","tintindex":0}}},{"name":"cube","from":[6.62,7.9399996,8.301766],"to":[7.8199997,8.54,9.501766],"rotation":{"angle":45.0,"axis":"y","origin":[7.22,8.24,7.1017666]},"faces":{"down":{"uv":[0.4375,4.9375,0.3125,5.0625],"rotation":0,"texture":"#0","tintindex":0},"east":{"uv":[0.8125,2.5625,0.9375,2.625],"rotation":0,"texture":"#0","tintindex":0},"north":{"uv":[0.6875,2.5625,0.8125,2.625],"rotation":0,"texture":"#0","tintindex":0},"south":{"uv":[4.25,3.9375,4.375,4.0],"rotation":0,"texture":"#0","tintindex":0},"up":{"uv":[3.9375,2.625,3.8125,2.5],"rotation":0,"texture":"#0","tintindex":0},"west":{"uv":[4.375,3.9375,4.5,4.0],"rotation":0,"texture":"#0","tintindex":0}}},{"name":"cube","from":[4.8199997,7.9399996,8.301766],"to":[6.0199995,8.54,9.501766],"rotation":{"angle":45.0,"axis":"y","origin":[7.22,8.24,7.1017666]},"faces":{"down":{"uv":[5.3125,0.875,5.1875,1.0],"rotation":0,"texture":"#0","tintindex":0},"east":{"uv":[4.8125,2.75,4.9375,2.8125],"rotation":0,"texture":"#0","tintindex":0},"north":{"uv":[2.4375,4.5,2.5625,4.5625],"rotation":0,"texture":"#0","tintindex":0},"south":{"uv":[4.9375,2.75,5.0625,2.8125],"rotation":0,"texture":"#0","tintindex":0},"up":{"uv":[5.1875,4.75,5.0625,4.625],"rotation":0,"texture":"#0","tintindex":0},"west":{"uv":[5.0625,2.75,5.1875,2.8125],"rotation":0,"texture":"#0","tintindex":0}}},{"name":"cube","from":[4.8199997,7.9399996,6.501766],"to":[6.0199995,8.54,7.7017665],"rotation":{"angle":45.0,"axis":"y","origin":[7.22,8.24,7.1017666]},"faces":{"down":{"uv":[5.4375,0.875,5.3125,1.0],"rotation":0,"texture":"#0","tintindex":0},"east":{"uv":[5.1875,2.75,5.3125,2.8125],"rotation":0,"texture":"#0","tintindex":0},"north":{"uv":[2.3125,5.1875,2.4375,5.25],"rotation":0,"texture":"#0","tintindex":0},"south":{"uv":[5.3125,2.75,5.4375,2.8125],"rotation":0,"texture":"#0","tintindex":0},"up":{"uv":[5.3125,4.75,5.1875,4.625],"rotation":0,"texture":"#0","tintindex":0},"west":{"uv":[5.375,0.6875,5.5,0.75],"rotation":0,"texture":"#0","tintindex":0}}},{"name":"cube","from":[3.6199996,13.399999,-0.39999986],"to":[18.62,22.399998,-0.39999986],"rotation":{"angle":0.0,"axis":"x","origin":[3.6199996,8.0,8.0]},"faces":{"down":{"uv":[3.125,0.0,0.0,0.0],"rotation":0,"texture":"#0","tintindex":0},"east":{"uv":[0.0,0.0,0.0,1.875],"rotation":0,"texture":"#0","tintindex":0},"north":{"uv":[6.375,1.875,9.5,3.75],"rotation":0,"texture":"#0","tintindex":0},"south":{"uv":[6.375,3.75,9.5,5.625],"rotation":0,"texture":"#0","tintindex":0},"up":{"uv":[3.125,0.0,0.0,0.0],"rotation":0,"texture":"#0","tintindex":0},"west":{"uv":[0.0,0.0,0.0,1.875],"rotation":0,"texture":"#0","tintindex":0}}}],"display":{"head":{"translation":[0.0,-6.4,0.0],"rotation":[0.0,0.0,0.0],"scale":[3.8095,3.8095,3.8095]}}}