{"textures":{"0":"modelengine:entity/ape_auctioneer"},"elements":[{"name":"cube","from":[0.49999976,-5.6500006,-16.0],"to":[15.5,-3.2500005,-5.2000017],"rotation":{"angle":0.0,"axis":"x","origin":[0.49999976,8.0,3.799999]},"faces":{"down":{"uv":[7.875,1.8125,6.3125,2.9375],"rotation":0,"texture":"#0","tintindex":0},"east":{"uv":[4.75,0.6875,5.875,0.9375],"rotation":0,"texture":"#0","tintindex":0},"north":{"uv":[6.25,7.375,7.8125,7.625],"rotation":0,"texture":"#0","tintindex":0},"south":{"uv":[0.875,7.5,2.4375,7.75],"rotation":0,"texture":"#0","tintindex":0},"up":{"uv":[7.8125,5.75,6.25,4.625],"rotation":0,"texture":"#0","tintindex":0},"west":{"uv":[7.5,6.875,8.625,7.125],"rotation":0,"texture":"#0","tintindex":0}}},{"name":"cube","from":[2.2999997,-3.2500005,-15.4000025],"to":[5.8999996,0.34999967,-7.000001],"rotation":{"angle":0.0,"axis":"x","origin":[0.49999976,8.0,3.799999]},"faces":{"down":{"uv":[3.0625,7.125,2.6875,8.0],"rotation":0,"texture":"#0","tintindex":0},"east":{"uv":[3.6875,7.5,4.5625,7.875],"rotation":0,"texture":"#0","tintindex":0},"north":{"uv":[4.8125,1.875,5.1875,2.25],"rotation":0,"texture":"#0","tintindex":0},"south":{"uv":[5.0,3.1875,5.375,3.5625],"rotation":0,"texture":"#0","tintindex":0},"up":{"uv":[0.8125,5.1875,0.4375,4.3125],"rotation":0,"texture":"#0","tintindex":0},"west":{"uv":[7.5,5.75,8.375,6.125],"rotation":0,"texture":"#0","tintindex":0}}},{"name":"cube","from":[10.1,-3.2500005,-15.4000025],"to":[13.7,0.34999967,-7.000001],"rotation":{"angle":0.0,"axis":"x","origin":[15.5,8.0,3.799999]},"faces":{"down":{"uv":[5.3125,7.5,4.9375,8.375],"rotation":0,"texture":"#0","tintindex":0},"east":{"uv":[7.5,6.125,8.375,6.5],"rotation":0,"texture":"#0","tintindex":0},"north":{"uv":[5.0625,4.375,5.4375,4.75],"rotation":0,"texture":"#0","tintindex":0},"south":{"uv":[4.875,5.125,5.25,5.5],"rotation":0,"texture":"#0","tintindex":0},"up":{"uv":[4.9375,8.375,4.5625,7.5],"rotation":0,"texture":"#0","tintindex":0},"west":{"uv":[7.5,6.5,8.375,6.875],"rotation":0,"texture":"#0","tintindex":0}}},{"name":"cube","from":[3.7999997,-3.2500005,-14.800002],"to":[12.2,12.35,-9.400002],"rotation":{"angle":0.0,"axis":"x","origin":[3.7999997,8.0,3.799999]},"faces":{"down":{"uv":[8.125,3.3125,7.25,3.875],"rotation":0,"texture":"#0","tintindex":0},"east":{"uv":[3.125,6.375,3.6875,8.0],"rotation":0,"texture":"#0","tintindex":0},"north":{"uv":[6.375,2.9375,7.25,4.5625],"rotation":0,"texture":"#0","tintindex":0},"south":{"uv":[6.375,2.9375,7.25,4.5625],"rotation":0,"texture":"#0","tintindex":0},"up":{"uv":[0.875,7.75,0.0,7.1875],"rotation":0,"texture":"#0","tintindex":0},"west":{"uv":[6.9375,5.75,7.5,7.375],"rotation":0,"texture":"#0","tintindex":0}}},{"name":"cube","from":[3.1999998,9.35,-15.4000025],"to":[12.8,11.15,-8.800001],"rotation":{"angle":0.0,"axis":"x","origin":[3.7999997,8.0,3.799999]},"faces":{"down":{"uv":[8.0,0.6875,7.0,1.375],"rotation":0,"texture":"#0","tintindex":0},"east":{"uv":[0.625,4.0625,1.3125,4.25],"rotation":0,"texture":"#0","tintindex":0},"north":{"uv":[0.3125,5.25,1.3125,5.4375],"rotation":0,"texture":"#0","tintindex":0},"south":{"uv":[7.5,7.125,8.5,7.3125],"rotation":0,"texture":"#0","tintindex":0},"up":{"uv":[8.0,0.6875,7.0,0.0],"rotation":0,"texture":"#0","tintindex":0},"west":{"uv":[3.75,4.4375,4.4375,4.625],"rotation":0,"texture":"#0","tintindex":0}}},{"name":"cube","from":[0.7999997,10.55,-15.4000025],"to":[15.2,14.150001,-3.400001],"rotation":{"angle":22.5,"axis":"x","origin":[7.4,12.650001,-10.000002]},"faces":{"down":{"uv":[5.375,6.25,3.875,7.5],"rotation":0,"texture":"#0","tintindex":0},"east":{"uv":[7.25,3.875,8.5,4.25],"rotation":0,"texture":"#0","tintindex":0},"north":{"uv":[7.0,1.375,8.5,1.75],"rotation":0,"texture":"#0","tintindex":0},"south":{"uv":[7.25,2.9375,8.75,3.3125],"rotation":0,"texture":"#0","tintindex":0},"up":{"uv":[2.6875,7.5,1.1875,6.25],"rotation":0,"texture":"#0","tintindex":0},"west":{"uv":[7.25,4.25,8.5,4.625],"rotation":0,"texture":"#0","tintindex":0}}}],"display":{"head":{"translation":[0.0,-6.4,-1.1199971],"rotation":[0.0,0.0,0.0],"scale":[3.8095,3.8095,3.8095]}}}