{"textures":{"0":"modelengine:entity/grid_car_1"},"elements":[{"name":"cube","from":[-0.10000038,7.700658,-0.7870476],"to":[16.1,11.300658,13.612953],"rotation":{"angle":22.5,"axis":"x","origin":[8.0,9.500658,6.4129524]},"faces":{"down":{"uv":[1.6875,4.75,0.0,3.25],"rotation":0,"texture":"#0","tintindex":0},"east":{"uv":[6.75,8.125,5.25,8.5],"rotation":0,"texture":"#0","tintindex":0},"north":{"uv":[9.125,2.75,7.4375,3.125],"rotation":0,"texture":"#0","tintindex":0},"south":{"uv":[9.125,2.375,7.4375,2.75],"rotation":0,"texture":"#0","tintindex":0},"up":{"uv":[3.375,3.0,1.6875,4.5],"rotation":0,"texture":"#0","tintindex":0},"west":{"uv":[1.5,8.1875,0.0,8.5625],"rotation":0,"texture":"#0","tintindex":0}}},{"name":"cube","from":[0.49999976,5.0823536,-2.0239458],"to":[15.5,8.682354,12.376055],"rotation":{"angle":0.0,"axis":"x","origin":[2.8999999,1.4823537,-0.22394562]},"faces":{"down":{"uv":[4.9375,3.0,3.375,1.5],"rotation":0,"texture":"#0","tintindex":0},"east":{"uv":[9.6875,4.125,8.1875,4.5],"rotation":0,"texture":"#0","tintindex":0},"north":{"uv":[9.4375,5.5,7.875,5.875],"rotation":0,"texture":"#0","tintindex":0},"south":{"uv":[7.4375,7.75,5.875,8.125],"rotation":0,"texture":"#0","tintindex":0},"up":{"uv":[4.9375,0.0,3.375,1.5],"rotation":0,"texture":"#0","tintindex":0},"west":{"uv":[9.6875,4.5,8.1875,4.875],"rotation":0,"texture":"#0","tintindex":0}}},{"name":"cube","from":[-0.10000038,1.4823537,-2.0239458],"to":[16.1,5.0823536,12.376055],"rotation":{"angle":0.0,"axis":"x","origin":[2.2999997,1.4823537,-0.22394562]},"faces":{"down":{"uv":[3.375,3.0,1.6875,1.5],"rotation":0,"texture":"#0","tintindex":0},"east":{"uv":[5.25,8.0625,3.75,8.4375],"rotation":0,"texture":"#0","tintindex":0},"north":{"uv":[9.125,1.25,7.4375,1.625],"rotation":0,"texture":"#0","tintindex":0},"south":{"uv":[7.5625,7.375,5.875,7.75],"rotation":0,"texture":"#0","tintindex":0},"up":{"uv":[3.375,0.0,1.6875,1.5],"rotation":0,"texture":"#0","tintindex":0},"west":{"uv":[9.5625,3.75,8.0625,4.125],"rotation":0,"texture":"#0","tintindex":0}}},{"name":"cube","from":[13.64,6.882354,3.3760545],"to":[15.440001,12.882354,12.976055],"rotation":{"angle":-22.5,"axis":"x","origin":[8.0,9.882355,8.176055]},"faces":{"down":{"uv":[6.3125,9.875,6.125,10.875],"rotation":0,"texture":"#0","tintindex":0},"east":{"uv":[7.4375,3.125,8.4375,3.75],"rotation":0,"texture":"#0","tintindex":0},"north":{"uv":[4.4375,10.1875,4.625,10.8125],"rotation":0,"texture":"#0","tintindex":0},"south":{"uv":[4.625,10.1875,4.8125,10.8125],"rotation":0,"texture":"#0","tintindex":0},"up":{"uv":[6.125,10.875,5.9375,9.875],"rotation":0,"texture":"#0","tintindex":0},"west":{"uv":[7.5625,6.3125,8.5625,6.9375],"rotation":0,"texture":"#0","tintindex":0}}},{"name":"cube","from":[10.700001,11.300658,4.012953],"to":[14.3,13.100658,11.812953],"rotation":{"angle":22.5,"axis":"x","origin":[8.0,9.500658,6.4129524]},"faces":{"down":{"uv":[9.5,2.0625,9.125,1.25],"rotation":0,"texture":"#0","tintindex":0},"east":{"uv":[10.9375,9.0625,10.125,9.25],"rotation":0,"texture":"#0","tintindex":0},"north":{"uv":[10.625,10.5,10.25,10.6875],"rotation":0,"texture":"#0","tintindex":0},"south":{"uv":[10.25,10.5,9.875,10.6875],"rotation":0,"texture":"#0","tintindex":0},"up":{"uv":[9.375,8.875,9.0,9.6875],"rotation":0,"texture":"#0","tintindex":0},"west":{"uv":[10.75,10.125,9.9375,10.3125],"rotation":0,"texture":"#0","tintindex":0}}},{"name":"cube","from":[1.6999998,11.300658,4.012953],"to":[5.3,13.100658,11.812953],"rotation":{"angle":22.5,"axis":"x","origin":[8.0,9.500658,6.4129524]},"faces":{"down":{"uv":[9.375,7.6875,9.0,6.875],"rotation":0,"texture":"#0","tintindex":0},"east":{"uv":[10.625,6.6875,9.8125,6.875],"rotation":0,"texture":"#0","tintindex":0},"north":{"uv":[9.0625,10.5,8.6875,10.6875],"rotation":0,"texture":"#0","tintindex":0},"south":{"uv":[2.1875,7.5,1.8125,7.6875],"rotation":0,"texture":"#0","tintindex":0},"up":{"uv":[2.25,8.9375,1.875,9.75],"rotation":0,"texture":"#0","tintindex":0},"west":{"uv":[10.6875,2.5,9.875,2.6875],"rotation":0,"texture":"#0","tintindex":0}}},{"name":"cube","from":[0.55999994,6.882354,3.3760545],"to":[2.3600001,12.882354,12.976055],"rotation":{"angle":-22.5,"axis":"x","origin":[8.0,9.882355,8.176055]},"faces":{"down":{"uv":[6.125,9.875,6.3125,10.875],"rotation":0,"texture":"#0","tintindex":0},"east":{"uv":[8.5625,6.3125,7.5625,6.9375],"rotation":0,"texture":"#0","tintindex":0},"north":{"uv":[4.625,10.1875,4.4375,10.8125],"rotation":0,"texture":"#0","tintindex":0},"south":{"uv":[4.8125,10.1875,4.625,10.8125],"rotation":0,"texture":"#0","tintindex":0},"up":{"uv":[5.9375,10.875,6.125,9.875],"rotation":0,"texture":"#0","tintindex":0},"west":{"uv":[8.4375,3.125,7.4375,3.75],"rotation":0,"texture":"#0","tintindex":0}}},{"name":"cube","from":[6.2,11.300658,8.212953],"to":[9.8,12.500658,9.412952],"rotation":{"angle":22.5,"axis":"x","origin":[8.3,9.500658,6.4129524]},"faces":{"down":{"uv":[11.125,7.8125,10.75,7.6875],"rotation":0,"texture":"#0","tintindex":0},"east":{"uv":[10.9375,0.0,10.8125,0.125],"rotation":0,"texture":"#0","tintindex":0},"north":{"uv":[11.125,7.4375,10.75,7.5625],"rotation":0,"texture":"#0","tintindex":0},"south":{"uv":[11.125,7.3125,10.75,7.4375],"rotation":0,"texture":"#0","tintindex":0},"up":{"uv":[11.125,7.5625,10.75,7.6875],"rotation":0,"texture":"#0","tintindex":0},"west":{"uv":[10.9375,0.125,10.8125,0.25],"rotation":0,"texture":"#0","tintindex":0}}},{"name":"cube","from":[6.2,11.300658,10.012953],"to":[9.8,12.500658,11.212953],"rotation":{"angle":22.5,"axis":"x","origin":[8.3,9.500658,6.4129524]},"faces":{"down":{"uv":[11.125,7.3125,10.75,7.1875],"rotation":0,"texture":"#0","tintindex":0},"east":{"uv":[7.9375,10.0,7.8125,10.125],"rotation":0,"texture":"#0","tintindex":0},"north":{"uv":[7.0625,10.75,6.6875,10.875],"rotation":0,"texture":"#0","tintindex":0},"south":{"uv":[11.125,5.375,10.75,5.5],"rotation":0,"texture":"#0","tintindex":0},"up":{"uv":[11.125,7.0625,10.75,7.1875],"rotation":0,"texture":"#0","tintindex":0},"west":{"uv":[2.25,10.0625,2.125,10.1875],"rotation":0,"texture":"#0","tintindex":0}}},{"name":"cube","from":[1.0999997,3.3846211,12.412713],"to":[2.8999999,5.184621,13.0127125],"rotation":{"angle":0.0,"axis":"x","origin":[-4.6000004,0.3846209,6.7127113]},"faces":{"down":{"uv":[5.875,8.0625,5.6875,8.125],"rotation":0,"texture":"#0","tintindex":0},"east":{"uv":[3.3125,4.75,3.375,4.9375],"rotation":0,"texture":"#0","tintindex":0},"north":{"uv":[6.5625,8.5,6.75,8.6875],"rotation":0,"texture":"#0","tintindex":0},"south":{"uv":[3.0,10.6875,3.1875,10.875],"rotation":0,"texture":"#0","tintindex":0},"up":{"uv":[1.625,6.25,1.4375,6.1875],"rotation":0,"texture":"#0","tintindex":0},"west":{"uv":[4.9375,2.8125,5.0,3.0],"rotation":0,"texture":"#0","tintindex":0}}},{"name":"cube","from":[3.4099998,3.3846211,12.2627125],"to":[4.6099997,4.584621,12.862713],"rotation":{"angle":0.0,"axis":"x","origin":[8.0,11.184621,-4.0872893]},"faces":{"down":{"uv":[9.9375,7.625,9.8125,7.6875],"rotation":0,"texture":"#0","tintindex":0},"east":{"uv":[3.3125,5.25,3.375,5.375],"rotation":0,"texture":"#0","tintindex":0},"north":{"uv":[3.625,8.3125,3.75,8.4375],"rotation":0,"texture":"#0","tintindex":0},"south":{"uv":[4.8125,10.0,4.9375,10.125],"rotation":0,"texture":"#0","tintindex":0},"up":{"uv":[9.0,9.6875,8.875,9.625],"rotation":0,"texture":"#0","tintindex":0},"west":{"uv":[1.625,5.3125,1.6875,5.4375],"rotation":0,"texture":"#0","tintindex":0}}},{"name":"cube","from":[11.39,3.3846211,12.2627125],"to":[12.59,4.584621,12.862713],"rotation":{"angle":0.0,"axis":"x","origin":[8.0,11.184621,-4.0872893]},"faces":{"down":{"uv":[9.8125,7.625,9.9375,7.6875],"rotation":0,"texture":"#0","tintindex":0},"east":{"uv":[1.6875,5.3125,1.625,5.4375],"rotation":0,"texture":"#0","tintindex":0},"north":{"uv":[3.75,8.3125,3.625,8.4375],"rotation":0,"texture":"#0","tintindex":0},"south":{"uv":[4.9375,10.0,4.8125,10.125],"rotation":0,"texture":"#0","tintindex":0},"up":{"uv":[8.875,9.6875,9.0,9.625],"rotation":0,"texture":"#0","tintindex":0},