{"textures":{"0":"modelengine:entity/grid_car_1"},"elements":[{"name":"cube","from":[6.1096935,3.9944584,6.7976313],"to":[12.109694,9.994459,9.197631],"rotation":{"angle":-22.5,"axis":"z","origin":[10.309694,8.194458,21.197632]},"faces":{"down":{"uv":[4.3125,10.25,3.6875,10.0],"rotation":0,"texture":"#0","tintindex":0},"east":{"uv":[3.4375,10.0,3.1875,10.625],"rotation":0,"texture":"#0","tintindex":0},"north":{"uv":[6.5625,8.5,5.9375,9.125],"rotation":0,"texture":"#0","tintindex":0},"south":{"uv":[5.9375,8.5,6.5625,9.125],"rotation":0,"texture":"#0","tintindex":0},"up":{"uv":[10.625,3.25,10.0,3.5],"rotation":0,"texture":"#0","tintindex":0},"west":{"uv":[3.6875,10.0,3.4375,10.625],"rotation":0,"texture":"#0","tintindex":0}}},{"name":"cube","from":[12.109694,5.7944584,6.197631],"to":[18.109694,8.194458,9.797631],"rotation":{"angle":-22.5,"axis":"z","origin":[10.309694,8.194458,21.197632]},"faces":{"down":{"uv":[10.0,10.0,9.375,9.625],"rotation":0,"texture":"#0","tintindex":0},"east":{"uv":[10.625,2.0,10.25,2.25],"rotation":0,"texture":"#0","tintindex":0},"north":{"uv":[10.625,3.0,10.0,3.25],"rotation":0,"texture":"#0","tintindex":0},"south":{"uv":[10.5625,1.5,9.9375,1.75],"rotation":0,"texture":"#0","tintindex":0},"up":{"uv":[7.9375,9.625,7.3125,10.0],"rotation":0,"texture":"#0","tintindex":0},"west":{"uv":[10.625,2.25,10.25,2.5],"rotation":0,"texture":"#0","tintindex":0}}},{"name":"cube","from":[12.709694,6.394459,4.997631],"to":[17.509693,7.5944586,28.397633],"rotation":{"angle":-22.5,"axis":"z","origin":[10.309694,8.194458,21.197632]},"faces":{"down":{"uv":[5.375,8.0625,4.875,5.625],"rotation":0,"texture":"#0","tintindex":0},"east":{"uv":[10.875,3.5,8.4375,3.625],"rotation":0,"texture":"#0","tintindex":0},"north":{"uv":[3.625,8.3125,3.125,8.4375],"rotation":0,"texture":"#0","tintindex":0},"south":{"uv":[2.0,8.1875,1.5,8.3125],"rotation":0,"texture":"#0","tintindex":0},"up":{"uv":[5.375,5.625,4.875,8.0625],"rotation":0,"texture":"#0","tintindex":0},"west":{"uv":[10.875,3.625,8.4375,3.75],"rotation":0,"texture":"#0","tintindex":0}}},{"name":"cube","from":[11.509694,8.194458,6.197631],"to":[15.709694,8.794458,7.397631],"rotation":{"angle":-22.5,"axis":"z","origin":[10.309694,8.194458,21.197632]},"faces":{"down":{"uv":[11.125,0.5,10.6875,0.375],"rotation":0,"texture":"#0","tintindex":0},"east":{"uv":[3.1875,7.0625,3.0625,7.125],"rotation":0,"texture":"#0","tintindex":0},"north":{"uv":[9.6875,8.125,9.25,8.1875],"rotation":0,"texture":"#0","tintindex":0},"south":{"uv":[5.6875,8.0625,5.25,8.125],"rotation":0,"texture":"#0","tintindex":0},"up":{"uv":[11.0625,6.6875,10.625,6.8125],"rotation":0,"texture":"#0","tintindex":0},"west":{"uv":[7.5625,6.5,7.4375,6.5625],"rotation":0,"texture":"#0","tintindex":0}}},{"name":"cube","from":[11.509694,8.194458,8.597631],"to":[15.709694,8.794458,9.797631],"rotation":{"angle":-22.5,"axis":"z","origin":[10.309694,8.194458,21.197632]},"faces":{"down":{"uv":[11.0625,2.5,10.625,2.375],"rotation":0,"texture":"#0","tintindex":0},"east":{"uv":[5.0,5.5625,4.875,5.625],"rotation":0,"texture":"#0","tintindex":0},"north":{"uv":[8.3125,6.25,7.875,6.3125],"rotation":0,"texture":"#0","tintindex":0},"south":{"uv":[1.4375,6.1875,1.0,6.25],"rotation":0,"texture":"#0","tintindex":0},"up":{"uv":[11.0625,0.875,10.625,1.0],"rotation":0,"texture":"#0","tintindex":0},"west":{"uv":[3.3125,6.125,3.1875,6.1875],"rotation":0,"texture":"#0","tintindex":0}}},{"name":"cube","from":[12.109694,5.7944584,12.797631],"to":[18.109694,8.194458,16.397633],"rotation":{"angle":-22.5,"axis":"z","origin":[10.309694,8.194458,21.197632]},"faces":{"down":{"uv":[4.4375,10.0,3.8125,9.625],"rotation":0,"texture":"#0","tintindex":0},"east":{"uv":[7.4375,6.3125,7.0625,6.5625],"rotation":0,"texture":"#0","tintindex":0},"north":{"uv":[10.5625,1.25,9.9375,1.5],"rotation":0,"texture":"#0","tintindex":0},"south":{"uv":[1.0,9.9375,0.375,10.1875],"rotation":0,"texture":"#0","tintindex":0},"up":{"uv":[3.8125,9.625,3.1875,10.0],"rotation":0,"texture":"#0","tintindex":0},"west":{"uv":[10.625,0.75,10.25,1.0],"rotation":0,"texture":"#0","tintindex":0}}}],"display":{"head":{"translation":[0.0,-6.4,0.0],"rotation":[0.0,0.0,0.0],"scale":[3.8095,3.8095,3.8095]}}}