{"textures":{"0":"modelengine:entity/grid_car_1"},"elements":[{"name":"cube","from":[-3.6400003,-1.6000004,18.05],"to":[-1.2400002,3.1999998,18.650002],"rotation":{"angle":45.0,"axis":"x","origin":[8.0,8.0,8.0]},"faces":{"down":{"uv":[15.0,0.0625,15.1875,0.125],"rotation":0,"texture":"#0","tintindex":0},"east":{"uv":[14.75,0.75,14.8125,1.25],"rotation":0,"texture":"#0","tintindex":0},"north":{"uv":[14.1875,0.0,14.0,0.625],"rotation":0,"texture":"#0","tintindex":0},"south":{"uv":[14.1875,0.625,14.0,0.0],"rotation":0,"texture":"#0","tintindex":0},"up":{"uv":[15.0,0.0625,15.1875,0.125],"rotation":0,"texture":"#0","tintindex":0},"west":{"uv":[14.75,0.0,14.8125,0.5],"rotation":0,"texture":"#0","tintindex":0}}},{"name":"cube","from":[-3.6400003,-1.6000004,16.25],"to":[-1.2400002,3.1999998,16.85],"rotation":{"angle":45.0,"axis":"x","origin":[8.0,8.0,8.0]},"faces":{"down":{"uv":[15.0,0.1875,15.1875,0.25],"rotation":0,"texture":"#0","tintindex":0},"east":{"uv":[14.8125,0.75,14.875,1.25],"rotation":0,"texture":"#0","tintindex":0},"north":{"uv":[14.5625,0.0,14.375,0.625],"rotation":0,"texture":"#0","tintindex":0},"south":{"uv":[14.5625,0.625,14.375,0.0],"rotation":0,"texture":"#0","tintindex":0},"up":{"uv":[15.0,0.125,15.1875,0.1875],"rotation":0,"texture":"#0","tintindex":0},"west":{"uv":[14.8125,0.0,14.875,0.5],"rotation":0,"texture":"#0","tintindex":0}}},{"name":"cube","from":[-3.6400003,-1.6000004,14.6],"to":[-1.2400002,3.1999998,15.2],"rotation":{"angle":45.0,"axis":"x","origin":[8.0,8.0,8.0]},"faces":{"down":{"uv":[15.0,0.3125,15.1875,0.375],"rotation":0,"texture":"#0","tintindex":0},"east":{"uv":[14.875,0.75,14.9375,1.25],"rotation":0,"texture":"#0","tintindex":0},"north":{"uv":[14.1875,0.625,14.0,1.25],"rotation":0,"texture":"#0","tintindex":0},"south":{"uv":[14.1875,1.25,14.0,0.625],"rotation":0,"texture":"#0","tintindex":0},"up":{"uv":[15.0,0.25,15.1875,0.3125],"rotation":0,"texture":"#0","tintindex":0},"west":{"uv":[14.875,0.0,14.9375,0.5],"rotation":0,"texture":"#0","tintindex":0}}},{"name":"cube","from":[-3.6400003,-1.6000004,13.1],"to":[-1.2400002,3.1999998,13.7],"rotation":{"angle":45.0,"axis":"x","origin":[8.0,8.0,8.0]},"faces":{"down":{"uv":[15.0,0.375,15.1875,0.4375],"rotation":0,"texture":"#0","tintindex":0},"east":{"uv":[14.9375,0.75,15.0,1.25],"rotation":0,"texture":"#0","tintindex":0},"north":{"uv":[14.5625,0.625,14.375,1.25],"rotation":0,"texture":"#0","tintindex":0},"south":{"uv":[14.5625,1.25,14.375,0.625],"rotation":0,"texture":"#0","tintindex":0},"up":{"uv":[15.0,0.4375,15.1875,0.5],"rotation":0,"texture":"#0","tintindex":0},"west":{"uv":[14.9375,0.0,15.0,0.5],"rotation":0,"texture":"#0","tintindex":0}}},{"name":"cube","from":[17.24,-1.6000004,13.1],"to":[19.64,3.1999998,13.7],"rotation":{"angle":45.0,"axis":"x","origin":[8.0,8.0,8.0]},"faces":{"down":{"uv":[15.1875,0.375,15.0,0.4375],"rotation":0,"texture":"#0","tintindex":0},"east":{"uv":[15.0,0.0,14.9375,0.5],"rotation":0,"texture":"#0","tintindex":0},"north":{"uv":[14.375,0.625,14.5625,1.25],"rotation":0,"texture":"#0","tintindex":0},"south":{"uv":[14.375,1.25,14.5625,0.625],"rotation":0,"texture":"#0","tintindex":0},"up":{"uv":[15.1875,0.4375,15.0,0.5],"rotation":0,"texture":"#0","tintindex":0},"west":{"uv":[15.0,0.75,14.9375,1.25],"rotation":0,"texture":"#0","tintindex":0}}},{"name":"cube","from":[17.24,-1.6000004,18.05],"to":[19.64,3.1999998,18.650002],"rotation":{"angle":45.0,"axis":"x","origin":[8.0,8.0,8.0]},"faces":{"down":{"uv":[15.1875,0.0625,15.0,0.125],"rotation":0,"texture":"#0","tintindex":0},"east":{"uv":[14.8125,0.0,14.75,0.5],"rotation":0,"texture":"#0","tintindex":0},"north":{"uv":[14.0,0.0,14.1875,0.625],"rotation":0,"texture":"#0","tintindex":0},"south":{"uv":[14.0,0.625,14.1875,0.0],"rotation":0,"texture":"#0","tintindex":0},"up":{"uv":[15.1875,0.0625,15.0,0.125],"rotation":0,"texture":"#0","tintindex":0},"west":{"uv":[14.8125,0.75,14.75,1.25],"rotation":0,"texture":"#0","tintindex":0}}},{"name":"cube","from":[17.24,-1.6000004,16.25],"to":[19.64,3.1999998,16.85],"rotation":{"angle":45.0,"axis":"x","origin":[8.0,8.0,8.0]},"faces":{"down":{"uv":[15.1875,0.1875,15.0,0.25],"rotation":0,"texture":"#0","tintindex":0},"east":{"uv":[14.875,0.0,14.8125,0.5],"rotation":0,"texture":"#0","tintindex":0},"north":{"uv":[14.375,0.0,14.5625,0.625],"rotation":0,"texture":"#0","tintindex":0},"south":{"uv":[14.375,0.625,14.5625,0.0],"rotation":0,"texture":"#0","tintindex":0},"up":{"uv":[15.1875,0.125,15.0,0.1875],"rotation":0,"texture":"#0","tintindex":0},"west":{"uv":[14.875,0.75,14.8125,1.25],"rotation":0,"texture":"#0","tintindex":0}}},{"name":"cube","from":[17.24,-1.6000004,14.6],"to":[19.64,3.1999998,15.2],"rotation":{"angle":45.0,"axis":"x","origin":[8.0,8.0,8.0]},"faces":{"down":{"uv":[15.1875,0.3125,15.0,0.375],"rotation":0,"texture":"#0","tintindex":0},"east":{"uv":[14.9375,0.0,14.875,0.5],"rotation":0,"texture":"#0","tintindex":0},"north":{"uv":[14.0,0.625,14.1875,1.25],"rotation":0,"texture":"#0","tintindex":0},"south":{"uv":[14.0,1.25,14.1875,0.625],"rotation":0,"texture":"#0","tintindex":0},"up":{"uv":[15.1875,0.25,15.0,0.3125],"rotation":0,"texture":"#0","tintindex":0},"west":{"uv":[14.9375,0.75,14.875,1.25],"rotation":0,"texture":"#0","tintindex":0}}}],"display":{"head":{"translation":[0.0,-6.4,0.0],"rotation":[0.0,0.0,0.0],"scale":[3.8095,3.8095,3.8095]}}}