{"textures":{"0":"modelengine:entity/grid_car_1"},"elements":[{"name":"cube","from":[3.8903062,3.9944584,6.7976313],"to":[9.890306,9.994459,9.197631],"rotation":{"angle":22.5,"axis":"z","origin":[5.6903067,8.194458,21.197632]},"faces":{"down":{"uv":[3.6875,10.25,4.3125,10.0],"rotation":0,"texture":"#0","tintindex":0},"east":{"uv":[3.4375,10.0,3.6875,10.625],"rotation":0,"texture":"#0","tintindex":0},"north":{"uv":[5.9375,8.5,6.5625,9.125],"rotation":0,"texture":"#0","tintindex":0},"south":{"uv":[6.5625,8.5,5.9375,9.125],"rotation":0,"texture":"#0","tintindex":0},"up":{"uv":[10.0,3.25,10.625,3.5],"rotation":0,"texture":"#0","tintindex":0},"west":{"uv":[3.1875,10.0,3.4375,10.625],"rotation":0,"texture":"#0","tintindex":0}}},{"name":"cube","from":[-2.109694,5.7944584,6.197631],"to":[3.8903062,8.194458,9.797631],"rotation":{"angle":22.5,"axis":"z","origin":[5.6903067,8.194458,21.197632]},"faces":{"down":{"uv":[9.375,10.0,10.0,9.625],"rotation":0,"texture":"#0","tintindex":0},"east":{"uv":[10.25,2.25,10.625,2.5],"rotation":0,"texture":"#0","tintindex":0},"north":{"uv":[10.0,3.0,10.625,3.25],"rotation":0,"texture":"#0","tintindex":0},"south":{"uv":[9.9375,1.5,10.5625,1.75],"rotation":0,"texture":"#0","tintindex":0},"up":{"uv":[7.3125,9.625,7.9375,10.0],"rotation":0,"texture":"#0","tintindex":0},"west":{"uv":[10.25,2.0,10.625,2.25],"rotation":0,"texture":"#0","tintindex":0}}},{"name":"cube","from":[-1.5096941,6.394459,4.997631],"to":[3.2903063,7.5944586,28.397633],"rotation":{"angle":22.5,"axis":"z","origin":[5.6903067,8.194458,21.197632]},"faces":{"down":{"uv":[4.875,8.0625,5.375,5.625],"rotation":0,"texture":"#0","tintindex":0},"east":{"uv":[8.4375,3.625,10.875,3.75],"rotation":0,"texture":"#0","tintindex":0},"north":{"uv":[3.125,8.3125,3.625,8.4375],"rotation":0,"texture":"#0","tintindex":0},"south":{"uv":[1.5,8.1875,2.0,8.3125],"rotation":0,"texture":"#0","tintindex":0},"up":{"uv":[4.875,5.625,5.375,8.0625],"rotation":0,"texture":"#0","tintindex":0},"west":{"uv":[8.4375,3.5,10.875,3.625],"rotation":0,"texture":"#0","tintindex":0}}},{"name":"cube","from":[0.2903061,8.194458,6.197631],"to":[4.4903064,8.794458,7.397631],"rotation":{"angle":22.5,"axis":"z","origin":[5.6903067,8.194458,21.197632]},"faces":{"down":{"uv":[10.6875,0.5,11.125,0.375],"rotation":0,"texture":"#0","tintindex":0},"east":{"uv":[7.4375,6.5,7.5625,6.5625],"rotation":0,"texture":"#0","tintindex":0},"north":{"uv":[9.25,8.125,9.6875,8.1875],"rotation":0,"texture":"#0","tintindex":0},"south":{"uv":[5.25,8.0625,5.6875,8.125],"rotation":0,"texture":"#0","tintindex":0},"up":{"uv":[10.625,6.6875,11.0625,6.8125],"rotation":0,"texture":"#0","tintindex":0},"west":{"uv":[3.0625,7.0625,3.1875,7.125],"rotation":0,"texture":"#0","tintindex":0}}},{"name":"cube","from":[0.2903061,8.194458,8.597631],"to":[4.4903064,8.794458,9.797631],"rotation":{"angle":22.5,"axis":"z","origin":[5.6903067,8.194458,21.197632]},"faces":{"down":{"uv":[10.625,2.5,11.0625,2.375],"rotation":0,"texture":"#0","tintindex":0},"east":{"uv":[3.1875,6.125,3.3125,6.1875],"rotation":0,"texture":"#0","tintindex":0},"north":{"uv":[7.875,6.25,8.3125,6.3125],"rotation":0,"texture":"#0","tintindex":0},"south":{"uv":[1.0,6.1875,1.4375,6.25],"rotation":0,"texture":"#0","tintindex":0},"up":{"uv":[10.625,0.875,11.0625,1.0],"rotation":0,"texture":"#0","tintindex":0},"west":{"uv":[4.875,5.5625,5.0,5.625],"rotation":0,"texture":"#0","tintindex":0}}},{"name":"cube","from":[-2.109694,5.7944584,12.797631],"to":[3.8903062,8.194458,16.397633],"rotation":{"angle":22.5,"axis":"z","origin":[5.6903067,8.194458,21.197632]},"faces":{"down":{"uv":[3.8125,10.0,4.4375,9.625],"rotation":0,"texture":"#0","tintindex":0},"east":{"uv":[10.25,0.75,10.625,1.0],"rotation":0,"texture":"#0","tintindex":0},"north":{"uv":[9.9375,1.25,10.5625,1.5],"rotation":0,"texture":"#0","tintindex":0},"south":{"uv":[0.375,9.9375,1.0,10.1875],"rotation":0,"texture":"#0","tintindex":0},"up":{"uv":[3.1875,9.625,3.8125,10.0],"rotation":0,"texture":"#0","tintindex":0},"west":{"uv":[7.0625,6.3125,7.4375,6.5625],"rotation":0,"texture":"#0","tintindex":0}}}],"display":{"head":{"translation":[0.0,-6.4,0.0],"rotation":[0.0,0.0,0.0],"scale":[3.8095,3.8095,3.8095]}}}