{"textures":{"0":"modelengine:entity/grid_car_1"},"elements":[{"name":"cube","from":[20.0,2.1866379,4.7862115],"to":[20.600002,3.9866385,7.786212],"rotation":{"angle":-45.0,"axis":"x","origin":[21.5,9.686638,6.286212]},"faces":{"down":{"uv":[1.6875,5.3125,1.625,5.0],"rotation":0,"texture":"#0","tintindex":0},"east":{"uv":[0.9375,5.6875,0.625,5.875],"rotation":0,"texture":"#0","tintindex":0},"north":{"uv":[5.75,5.8125,5.6875,6.0],"rotation":0,"texture":"#0","tintindex":0},"south":{"uv":[5.875,5.625,5.8125,5.8125],"rotation":0,"texture":"#0","tintindex":0},"up":{"uv":[3.375,4.9375,3.3125,5.25],"rotation":0,"texture":"#0","tintindex":0},"west":{"uv":[0.9375,5.875,0.625,6.0625],"rotation":0,"texture":"#0","tintindex":0}}},{"name":"cube","from":[15.8,3.9866385,3.5862117],"to":[21.2,9.386639,8.986212],"rotation":{"angle":-45.0,"axis":"x","origin":[21.5,9.686638,6.286212]},"faces":{"down":{"uv":[8.125,8.0625,7.5625,7.5],"rotation":0,"texture":"#0","tintindex":0},"east":{"uv":[2.375,6.875,1.8125,7.4375],"rotation":0,"texture":"#0","tintindex":0},"north":{"uv":[0.5625,6.9375,0.0,7.5],"rotation":0,"texture":"#0","tintindex":0},"south":{"uv":[0.5625,6.375,0.0,6.9375],"rotation":0,"texture":"#0","tintindex":0},"up":{"uv":[8.125,6.9375,7.5625,7.5],"rotation":0,"texture":"#0","tintindex":0},"west":{"uv":[0.5625,7.5,0.0,8.0625],"rotation":0,"texture":"#0","tintindex":0}}},{"name":"cube","from":[15.8,5.186639,2.9862115],"to":[21.8,5.7866387,9.586212],"rotation":{"angle":-45.0,"axis":"x","origin":[21.5,9.686638,6.286212]},"faces":{"down":{"uv":[0.625,6.375,0.0,5.6875],"rotation":0,"texture":"#0","tintindex":0},"east":{"uv":[2.3125,6.125,1.625,6.1875],"rotation":0,"texture":"#0","tintindex":0},"north":{"uv":[0.625,8.0625,0.0,8.125],"rotation":0,"texture":"#0","tintindex":0},"south":{"uv":[2.4375,7.4375,1.8125,7.5],"rotation":0,"texture":"#0","tintindex":0},"up":{"uv":[2.75,5.4375,2.125,6.125],"rotation":0,"texture":"#0","tintindex":0},"west":{"uv":[2.3125,6.1875,1.625,6.25],"rotation":0,"texture":"#0","tintindex":0}}},{"name":"cube","from":[15.8,5.7866387,4.7862115],"to":[21.8,9.986639,7.786212],"rotation":{"angle":-45.0,"axis":"x","origin":[21.5,9.686638,6.286212]},"faces":{"down":{"uv":[0.625,9.625,0.0,9.3125],"rotation":0,"texture":"#0","tintindex":0},"east":{"uv":[3.0625,5.4375,2.75,5.875],"rotation":0,"texture":"#0","tintindex":0},"north":{"uv":[1.25,8.5625,0.625,9.0],"rotation":0,"texture":"#0","tintindex":0},"south":{"uv":[0.625,8.5625,0.0,9.0],"rotation":0,"texture":"#0","tintindex":0},"up":{"uv":[0.625,9.0,0.0,9.3125],"rotation":0,"texture":"#0","tintindex":0},"west":{"uv":[5.6875,5.625,5.375,6.0625],"rotation":0,"texture":"#0","tintindex":0}}},{"name":"cube","from":[-5.200001,3.9866385,3.5862117],"to":[0.19999981,9.386639,8.986212],"rotation":{"angle":-45.0,"axis":"x","origin":[-5.500001,9.686638,6.286212]},"faces":{"down":{"uv":[7.5625,8.0625,8.125,7.5],"rotation":0,"texture":"#0","tintindex":0},"east":{"uv":[0.0,7.5,0.5625,8.0625],"rotation":0,"texture":"#0","tintindex":0},"north":{"uv":[0.0,6.9375,0.5625,7.5],"rotation":0,"texture":"#0","tintindex":0},"south":{"uv":[0.0,6.375,0.5625,6.9375],"rotation":0,"texture":"#0","tintindex":0},"up":{"uv":[7.5625,6.9375,8.125,7.5],"rotation":0,"texture":"#0","tintindex":0},"west":{"uv":[1.8125,6.875,2.375,7.4375],"rotation":0,"texture":"#0","tintindex":0}}},{"name":"cube","from":[-5.8,5.7866387,4.7862115],"to":[0.19999981,9.986639,7.786212],"rotation":{"angle":-45.0,"axis":"x","origin":[-5.500001,9.686638,6.286212]},"faces":{"down":{"uv":[0.0,9.625,0.625,9.3125],"rotation":0,"texture":"#0","tintindex":0},"east":{"uv":[5.375,5.625,5.6875,6.0625],"rotation":0,"texture":"#0","tintindex":0},"north":{"uv":[0.625,8.5625,1.25,9.0],"rotation":0,"texture":"#0","tintindex":0},"south":{"uv":[0.0,8.5625,0.625,9.0],"rotation":0,"texture":"#0","tintindex":0},"up":{"uv":[0.0,9.0,0.625,9.3125],"rotation":0,"texture":"#0","tintindex":0},"west":{"uv":[2.75,5.4375,3.0625,5.875],"rotation":0,"texture":"#0","tintindex":0}}},{"name":"cube","from":[-5.8,5.186639,2.9862115],"to":[0.19999981,5.7866387,9.586212],"rotation":{"angle":-45.0,"axis":"x","origin":[-5.500001,9.686638,6.286212]},"faces":{"down":{"uv":[0.0,6.375,0.625,5.6875],"rotation":0,"texture":"#0","tintindex":0},"east":{"uv":[1.625,6.1875,2.3125,6.25],"rotation":0,"texture":"#0","tintindex":0},"north":{"uv":[0.0,8.0625,0.625,8.125],"rotation":0,"texture":"#0","tintindex":0},"south":{"uv":[1.8125,7.4375,2.4375,7.5],"rotation":0,"texture":"#0","tintindex":0},"up":{"uv":[2.125,5.4375,2.75,6.125],"rotation":0,"texture":"#0","tintindex":0},"west":{"uv":[1.625,6.125,2.3125,6.1875],"rotation":0,"texture":"#0","tintindex":0}}},{"name":"cube","from":[-4.6000004,2.1866379,4.7862115],"to":[-4.0000005,3.9866385,7.786212],"rotation":{"angle":-45.0,"axis":"x","origin":[-5.500001,9.686638,6.286212]},"faces":{"down":{"uv":[1.625,5.3125,1.6875,5.0],"rotation":0,"texture":"#0","tintindex":0},"east":{"uv":[0.625,5.875,0.9375,6.0625],"rotation":0,"texture":"#0","tintindex":0},"north":{"uv":[5.6875,5.8125,5.75,6.0],"rotation":0,"texture":"#0","tintindex":0},"south":{"uv":[5.8125,5.625,5.875,5.8125],"rotation":0,"texture":"#0","tintindex":0},"up":{"uv":[3.3125,4.9375,3.375,5.25],"rotation":0,"texture":"#0","tintindex":0},"west":{"uv":[0.625,5.6875,0.9375,5.875],"rotation":0,"texture":"#0","tintindex":0}}},{"name":"cube","from":[-4.6000004,2.1866379,4.1862116],"to":[-0.40000033,3.9866385,4.7862115],"rotation":{"angle":-45.0,"axis":"x","origin":[-5.500001,9.686638,6.286212]},"faces":{"down":{"uv":[5.375,6.375,5.8125,6.3125],"rotation":0,"texture":"#0","tintindex":0},"east":{"uv":[5.75,5.625,5.8125,5.8125],"rotation":0,"texture":"#0","tintindex":0},"north":{"uv":[2.75,6.0625,3.1875,6.25],"rotation":0,"texture":"#0","tintindex":0},"south":{"uv":[1.625,5.9375,2.0625,6.125],"rotation":0,"texture":"#0","tintindex":0},"up":{"uv":[5.375,6.25,5.8125,6.3125],"rotation":0,"texture":"#0","tintindex":0},"west":{"uv":[2.0625,5.75,2.125,5.9375],"rotation":0,"texture":"#0","tintindex":0}}},{"name":"cube","from":[-1.0000005,2.1866379,4.7862115],"to":[-0.40000033,3.9866385,7.786212],"rotation":{"angle":-45.0,"axis":"x","origin":[-5.500001,9.686638,6.286212]},"faces":{"down":{"uv":[3.125,5.75,3.1875,5.4375],"rotation":0,"texture":"#0","tintindex":0},"east":{"uv":[5.375,6.0625,5.6875,6.25],"rotation":0,"texture":"#0","tintindex":0},"north":{"uv":[5.8125,5.8125,5.875,6.0],"rotation":0,"texture":"#0","tintindex":0},"south":{"uv":[5.75,5.8125,5.8125,6.0],"rotation":0,"texture":"#0","tintindex":0},"up":{"uv":[3.0625,5.4375,3.125,5.75],"rotation":0,"texture":"#0","tintindex":0},"west":{"uv":[0.625,6.0625,0.9375,6.25],"rotation":0,"texture":"#0","tintindex":0}}},{"name":"cube","from":[-4.6000004,2.1866379,7.786212],"to":[-0.40000033,3.9866385,8.386211],"rotation":{"angle":-45.0,"axis":"x","origin":[-5.500001,9.686638,6.286212]},"faces":{"down":{"uv":[2.3125,6.25,2.75,6.1875],"rotation":0,"texture":"#0","tintindex":0},"east":{"uv":[5.6875,5.625,5.75,5.8125],"rotation":0,"texture":"#0","tintindex":0},"north":{"uv":[2.75,5.875,3.1875,6.0625],"rotation":0,"texture":"#0","tintindex":0},"south":{"uv":[1.625,5.75,2.0625,5.9375],"rotation":0,"texture":"#0","tintindex":0},"up":{"uv":[2.3125,6.125,2.75,6.1875],"rotation":0,"texture":"#0","tintindex":0},"west":{"uv":[0.9375,5.6875,1.0,5.875],"rotation":0,"texture":"#0","tintindex":0}}},{"name":"cube","from":[16.400002,2.1866379,7.786212],"to":[20.600002,3.9866385,8.386211],"rotation":{"angle":-45.0,"axis":"x","origin":[21.5,9.686638,6.286212]},"faces":{"down":{"uv":[2.75,6.25,2.3125,6.1875],"rotation":0,"texture":"#0","tintindex":0},"east":{"uv":[1.0,5.6875,0.9375,5.875],"rotation":0,"texture":"#0","tintindex":0},"north":{"uv":[3.1875,5.875,2.75,6.0625],"rotation":0,"texture":"#0","tintindex":0},"south":{"uv":[2.0625,5.75,1.625,5.9375],"rotation":0,"texture":"#0","tintindex":0},"up":{"uv":[2.75,6.125,2.3125,6.1875],"rotation":0,"texture":"#0","tintindex":0},