{"textures":{"0":"modelengine:entity/ape_brown"},"elements":[{"name":"cube","from":[5.8999996,-0.7184403,5.1173105],"to":[10.1,7.68156,9.317311],"rotation":{"angle":22.5,"axis":"x","origin":[7.4,3.48156,9.6173115]},"faces":{"down":{"uv":[4.25,5.4375,3.8125,5.875],"rotation":0,"texture":"#0","tintindex":0},"east":{"uv":[0.6875,3.4375,1.125,4.3125],"rotation":0,"texture":"#0","tintindex":0},"north":{"uv":[3.375,3.125,3.8125,4.0],"rotation":0,"texture":"#0","tintindex":0},"south":{"uv":[1.125,3.4375,1.5625,4.3125],"rotation":0,"texture":"#0","tintindex":0},"up":{"uv":[4.375,0.4375,3.9375,0.0],"rotation":0,"texture":"#0","tintindex":0},"west":{"uv":[0.0,3.6875,0.4375,4.5625],"rotation":0,"texture":"#0","tintindex":0}}},{"name":"pants","from":[5.6,1.0815599,4.817311],"to":[10.4,8.28156,9.6173115],"rotation":{"angle":22.5,"axis":"x","origin":[7.4,3.48156,9.6173115]},"faces":{"down":{"uv":[5.375,5.125,4.875,5.625],"rotation":0,"texture":"#0","tintindex":0},"east":{"uv":[3.875,1.3125,4.375,2.0625],"rotation":0,"texture":"#0","tintindex":0},"north":{"uv":[3.875,0.5625,4.375,1.3125],"rotation":0,"texture":"#0","tintindex":0},"south":{"uv":[3.9375,2.0625,4.4375,2.8125],"rotation":0,"texture":"#0","tintindex":0},"up":{"uv":[0.8125,5.5625,0.3125,5.0625],"rotation":0,"texture":"#0","tintindex":0},"west":{"uv":[3.0625,4.0,3.5625,4.75],"rotation":0,"texture":"#0","tintindex":0}}}],"display":{"head":{"translation":[0.0,-6.4,0.0],"rotation":[0.0,0.0,0.0],"scale":[3.8095,3.8095,3.8095]}}}