{"textures":{"0":"modelengine:entity/white_van"},"elements":[{"name":"cube","from":[-7.6000004,-6.970001,1.0815587],"to":[-7.000001,22.970001,13.081559],"rotation":{"angle":22.5,"axis":"y","origin":[-4.9000006,8.03,7.081559]},"faces":{"down":{"uv":[7.5,8.0,7.46875,8.625],"rotation":0,"texture":"#0","tintindex":0},"east":{"uv":[9.0625,9.3125,8.4375,10.875],"rotation":0,"texture":"#0","tintindex":0},"north":{"uv":[8.1875,6.0,8.21875,7.5625],"rotation":0,"texture":"#0","tintindex":0},"south":{"uv":[8.21875,1.4375,8.25,3.0],"rotation":0,"texture":"#0","tintindex":0},"up":{"uv":[8.03125,2.0625,8.0,1.4375],"rotation":0,"texture":"#0","tintindex":0},"west":{"uv":[8.4375,9.3125,9.0625,10.875],"rotation":0,"texture":"#0","tintindex":0}}},{"name":"cube","from":[23.0,-6.970001,1.0815587],"to":[23.600002,22.970001,13.081559],"rotation":{"angle":-22.5,"axis":"y","origin":[20.900002,8.03,7.081559]},"faces":{"down":{"uv":[7.46875,8.0,7.5,8.625],"rotation":0,"texture":"#0","tintindex":0},"east":{"uv":[9.0625,9.3125,8.4375,10.875],"rotation":0,"texture":"#0","tintindex":0},"north":{"uv":[8.21875,6.0,8.1875,7.5625],"rotation":0,"texture":"#0","tintindex":0},"south":{"uv":[8.25,1.4375,8.21875,3.0],"rotation":0,"texture":"#0","tintindex":0},"up":{"uv":[8.0,2.0625,8.03125,1.4375],"rotation":0,"texture":"#0","tintindex":0},"west":{"uv":[8.4375,9.3125,9.0625,10.875],"rotation":0,"texture":"#0","tintindex":0}}}],"display":{"head":{"translation":[0.0,-6.4,0.0],"rotation":[0.0,0.0,0.0],"scale":[3.8095,3.8095,3.8095]}}}