{"textures":{"0":"modelengine:entity/white_van"},"elements":[{"name":"cube","from":[-5.1940002,-2.3320608,27.2],"to":[21.194,12.06794,32.0],"rotation":{"angle":-22.5,"axis":"x","origin":[8.0060005,-57.832066,-12.100001]},"faces":{"down":{"uv":[8.0,1.6875,6.625,1.9375],"rotation":0,"texture":"#0","tintindex":0},"east":{"uv":[1.125,7.0,1.375,7.75],"rotation":0,"texture":"#0","tintindex":0},"north":{"uv":[4.375,5.625,5.75,6.375],"rotation":0,"texture":"#0","tintindex":0},"south":{"uv":[5.75,5.625,7.125,6.375],"rotation":0,"texture":"#0","tintindex":0},"up":{"uv":[8.0,1.6875,6.625,1.4375],"rotation":0,"texture":"#0","tintindex":0},"west":{"uv":[1.375,7.1875,1.625,7.9375],"rotation":0,"texture":"#0","tintindex":0}}},{"name":"cube","from":[-5.200001,4.423458,1.8935142],"to":[21.2,12.823459,16.893517],"rotation":{"angle":0.0,"axis":"x","origin":[7.4,-13.576543,-61.10649]},"faces":{"down":{"uv":[2.1875,5.21875,0.8125,6.0],"rotation":0,"texture":"#0","tintindex":0},"east":{"uv":[2.28125,6.78125,3.0625,7.21875],"rotation":0,"texture":"#0","tintindex":0},"north":{"uv":[0.0,6.5625,1.375,7.0],"rotation":0,"texture":"#0","tintindex":0},"south":{"uv":[6.625,0.0,8.0,0.4375],"rotation":0,"texture":"#0","tintindex":0},"up":{"uv":[2.1875,5.21875,0.8125,4.4375],"rotation":0,"texture":"#0","tintindex":0},"west":{"uv":[3.0625,6.78125,3.84375,7.21875],"rotation":0,"texture":"#0","tintindex":0}}},{"name":"cube","from":[1.9999998,-5.7765427,1.8935142],"to":[14.0,4.423458,2.493514],"rotation":{"angle":0.0,"axis":"x","origin":[14.6,-23.776543,-61.10649]},"faces":{"down":{"uv":[7.75,3.53125,7.125,3.5625],"rotation":0,"texture":"#0","tintindex":0},"east":{"uv":[4.375,9.125,4.40625,9.65625],"rotation":0,"texture":"#0","tintindex":0},"north":{"uv":[6.875,6.375,7.5,6.90625],"rotation":0,"texture":"#0","tintindex":0},"south":{"uv":[6.875,6.90625,7.5,7.4375],"rotation":0,"texture":"#0","tintindex":0},"up":{"uv":[0.625,6.0,0.0,5.96875],"rotation":0,"texture":"#0","tintindex":0},"west":{"uv":[4.40625,9.125,4.4375,9.65625],"rotation":0,"texture":"#0","tintindex":0}}}],"display":{"head":{"translation":[0.0,-6.4,12.421354],"rotation":[0.0,0.0,0.0],"scale":[3.8095,3.8095,3.8095]}}}