{"textures":{"0":"modelengine:entity/white_van"},"elements":[{"name":"cube","from":[2.4285712,7.785714,-16.0],"to":[13.571428,8.214285,3.714285],"rotation":{"angle":0.0,"axis":"x","origin":[11.857142,2.6428568,-20.714287]},"faces":{"down":{"uv":[0.8125,4.4375,0.0,5.875],"rotation":0,"texture":"#0","tintindex":0},"east":{"uv":[8.40625,1.0,9.84375,1.03125],"rotation":0,"texture":"#0","tintindex":0},"north":{"uv":[0.0,5.90625,0.8125,5.9375],"rotation":0,"texture":"#0","tintindex":0},"south":{"uv":[0.0,5.9375,0.8125,5.96875],"rotation":0,"texture":"#0","tintindex":0},"up":{"uv":[5.1875,5.4375,4.375,4.0],"rotation":0,"texture":"#0","tintindex":0},"west":{"uv":[8.5625,0.6875,10.0,0.71875],"rotation":0,"texture":"#0","tintindex":0}}},{"name":"cube","from":[-1.0000005,6.928571,-16.857143],"to":[17.0,8.214285,-9.914286],"rotation":{"angle":0.0,"axis":"x","origin":[9.0,-4.5,-44.8]},"faces":{"down":{"uv":[4.71875,8.125,3.40625,8.1875],"rotation":0,"texture":"#0","tintindex":0},"east":{"uv":[4.84375,6.9375,4.90625,7.03125],"rotation":0,"texture":"#0","tintindex":0},"north":{"uv":[3.40625,8.03125,4.71875,8.125],"rotation":0,"texture":"#0","tintindex":0},"south":{"uv":[4.71875,8.03125,6.03125,8.125],"rotation":0,"texture":"#0","tintindex":0},"up":{"uv":[9.25,8.125,7.9375,8.0625],"rotation":0,"texture":"#0","tintindex":0},"west":{"uv":[4.90625,6.9375,4.96875,7.03125],"rotation":0,"texture":"#0","tintindex":0}}},{"name":"cube","from":[-1.0000005,7.785714,3.714285],"to":[17.0,8.214285,20.857143],"rotation":{"angle":0.0,"axis":"x","origin":[8.428572,2.6428568,-1.0000005]},"faces":{"down":{"uv":[2.625,3.1875,1.3125,4.4375],"rotation":0,"texture":"#0","tintindex":0},"east":{"uv":[8.8125,5.34375,10.0625,5.375],"rotation":0,"texture":"#0","tintindex":0},"north":{"uv":[8.65625,3.5,9.96875,3.53125],"rotation":0,"texture":"#0","tintindex":0},"south":{"uv":[8.8125,5.3125,10.125,5.34375],"rotation":0,"texture":"#0","tintindex":0},"up":{"uv":[1.3125,4.4375,0.0,3.1875],"rotation":0,"texture":"#0","tintindex":0},"west":{"uv":[8.84375,0.1875,10.09375,0.21875],"rotation":0,"texture":"#0","tintindex":0}}},{"name":"cube","from":[2.4285712,7.785714,20.857143],"to":[13.571428,8.214285,38.0],"rotation":{"angle":0.0,"axis":"x","origin":[17.0,-4.5,41.2]},"faces":{"down":{"uv":[6.625,1.25,5.8125,2.5],"rotation":0,"texture":"#0","tintindex":0},"east":{"uv":[8.84375,0.21875,10.09375,0.25],"rotation":0,"texture":"#0","tintindex":0},"north":{"uv":[4.375,5.59375,5.1875,5.625],"rotation":0,"texture":"#0","tintindex":0},"south":{"uv":[0.0,5.875,0.8125,5.90625],"rotation":0,"texture":"#0","tintindex":0},"up":{"uv":[6.625,1.25,5.8125,0.0],"rotation":0,"texture":"#0","tintindex":0},"west":{"uv":[8.84375,0.25,10.09375,0.28125],"rotation":0,"texture":"#0","tintindex":0}}},{"name":"cube","from":[13.571428,7.785714,-16.0],"to":[17.0,8.214285,-10.0],"rotation":{"angle":0.0,"axis":"x","origin":[7.5714283,2.6428568,-20.714287]},"faces":{"down":{"uv":[8.5625,4.0,8.3125,4.4375],"rotation":0,"texture":"#0","tintindex":0},"east":{"uv":[9.03125,3.375,9.46875,3.40625],"rotation":0,"texture":"#0","tintindex":0},"north":{"uv":[7.96875,5.5,8.21875,5.53125],"rotation":0,"texture":"#0","tintindex":0},"south":{"uv":[7.96875,5.53125,8.21875,5.5625],"rotation":0,"texture":"#0","tintindex":0},"up":{"uv":[0.84375,8.71875,0.59375,8.28125],"rotation":0,"texture":"#0","tintindex":0},"west":{"uv":[9.03125,3.40625,9.46875,3.4375],"rotation":0,"texture":"#0","tintindex":0}}},{"name":"cube","from":[-1.0000005,7.785714,-16.0],"to":[2.4285712,8.214285,-10.0],"rotation":{"angle":0.0,"axis":"x","origin":[8.428572,2.6428568,-20.714287]},"faces":{"down":{"uv":[0.59375,8.28125,0.34375,8.71875],"rotation":0,"texture":"#0","tintindex":0},"east":{"uv":[9.03125,3.3125,9.46875,3.34375],"rotation":0,"texture":"#0","tintindex":0},"north":{"uv":[3.40625,7.9375,3.65625,7.96875],"rotation":0,"texture":"#0","tintindex":0},"south":{"uv":[3.40625,7.96875,3.65625,8.0],"rotation":0,"texture":"#0","tintindex":0},"up":{"uv":[1.625,8.375,1.375,7.9375],"rotation":0,"texture":"#0","tintindex":0},"west":{"uv":[9.03125,3.34375,9.46875,3.375],"rotation":0,"texture":"#0","tintindex":0}}}],"display":{"head":{"translation":[0.0,-6.4,22.720001],"rotation":[0.0,0.0,0.0],"scale":[3.7333333,3.7333333,3.7333333]}}}