{"textures":{"0":"modelengine:entity/white_van"},"elements":[{"name":"cube","from":[9.607142,9.678571,-11.714287],"to":[10.035714,23.392857,32.0],"rotation":{"angle":0.0,"axis":"x","origin":[0.60714245,-3.1785722,-13.000002]},"faces":{"down":{"uv":[6.5625,7.46875,6.53125,10.65625],"rotation":0,"texture":"#0","tintindex":0},"east":{"uv":[2.625,0.0,5.8125,1.0],"rotation":0,"texture":"#0","tintindex":0},"north":{"uv":[6.46875,8.78125,6.5,9.78125],"rotation":0,"texture":"#0","tintindex":0},"south":{"uv":[0.96875,8.84375,1.0,9.84375],"rotation":0,"texture":"#0","tintindex":0},"up":{"uv":[6.53125,10.65625,6.5,7.46875],"rotation":0,"texture":"#0","tintindex":0},"west":{"uv":[2.625,1.0,5.8125,2.0],"rotation":0,"texture":"#0","tintindex":0}}},{"name":"cube","from":[3.6071424,9.678571,-6.1428585],"to":[9.607142,10.107142,32.0],"rotation":{"angle":0.0,"axis":"x","origin":[0.17857122,4.5357137,-10.857144]},"faces":{"down":{"uv":[4.375,4.0,3.9375,6.78125],"rotation":0,"texture":"#0","tintindex":0},"east":{"uv":[8.21875,0.78125,11.0,0.8125],"rotation":0,"texture":"#0","tintindex":0},"north":{"uv":[8.96875,8.65625,9.40625,8.6875],"rotation":0,"texture":"#0","tintindex":0},"south":{"uv":[8.96875,8.6875,9.40625,8.71875],"rotation":0,"texture":"#0","tintindex":0},"up":{"uv":[3.9375,6.78125,3.5,4.0],"rotation":0,"texture":"#0","tintindex":0},"west":{"uv":[8.21875,3.53125,11.0,3.5625],"rotation":0,"texture":"#0","tintindex":0}}},{"name":"cube","from":[9.607142,1.9642851,-11.714287],"to":[10.035714,9.678571,-6.1428585],"rotation":{"angle":0.0,"axis":"x","origin":[0.60714245,-3.1785722,-16.428574]},"faces":{"down":{"uv":[6.875,6.9375,6.84375,7.34375],"rotation":0,"texture":"#0","tintindex":0},"east":{"uv":[2.1875,4.4375,2.59375,5.0],"rotation":0,"texture":"#0","tintindex":0},"north":{"uv":[2.96875,9.09375,3.0,9.65625],"rotation":0,"texture":"#0","tintindex":0},"south":{"uv":[3.0,9.09375,3.03125,9.65625],"rotation":0,"texture":"#0","tintindex":0},"up":{"uv":[2.625,6.09375,2.59375,5.6875],"rotation":0,"texture":"#0","tintindex":0},"west":{"uv":[2.1875,5.0,2.59375,5.5625],"rotation":0,"texture":"#0","tintindex":0}}},{"name":"cube","from":[4.892857,2.3928566,-6.1428585],"to":[9.607142,7.1071424,-5.714287],"rotation":{"angle":0.0,"axis":"x","origin":[0.17857122,-2.7500005,-10.857144]},"faces":{"down":{"uv":[2.03125,8.5,1.6875,8.53125],"rotation":0,"texture":"#0","tintindex":0},"east":{"uv":[9.09375,5.375,9.125,5.71875],"rotation":0,"texture":"#0","tintindex":0},"north":{"uv":[8.21875,8.25,8.5625,8.59375],"rotation":0,"texture":"#0","tintindex":0},"south":{"uv":[0.0,8.28125,0.34375,8.625],"rotation":0,"texture":"#0","tintindex":0},"up":{"uv":[2.625,6.78125,2.28125,6.75],"rotation":0,"texture":"#0","tintindex":0},"west":{"uv":[9.125,2.5625,9.15625,2.90625],"rotation":0,"texture":"#0","tintindex":0}}},{"name":"cube","from":[4.4642854,2.3928566,-6.1428585],"to":[4.892857,7.964285,32.0],"rotation":{"angle":0.0,"axis":"x","origin":[-4.535715,-2.7500005,-10.857144]},"faces":{"down":{"uv":[1.59375,8.375,1.5625,11.15625],"rotation":0,"texture":"#0","tintindex":0},"east":{"uv":[5.1875,4.8125,7.96875,5.21875],"rotation":0,"texture":"#0","tintindex":0},"north":{"uv":[4.5625,9.125,4.59375,9.53125],"rotation":0,"texture":"#0","tintindex":0},"south":{"uv":[4.59375,9.125,4.625,9.53125],"rotation":0,"texture":"#0","tintindex":0},"up":{"uv":[1.5625,11.15625,1.53125,8.375],"rotation":0,"texture":"#0","tintindex":0},"west":{"uv":[5.1875,5.21875,7.96875,5.625],"rotation":0,"texture":"#0","tintindex":0}}},{"name":"cube","from":[9.607142,1.9642851,7.999998],"to":[10.035714,9.678571,25.142857],"rotation":{"angle":0.0,"axis":"x","origin":[0.60714245,-3.1785722,3.2857127]},"faces":{"down":{"uv":[1.625,8.375,1.59375,9.625],"rotation":0,"texture":"#0","tintindex":0},"east":{"uv":[0.0,6.0,1.25,6.5625],"rotation":0,"texture":"#0","tintindex":0},"north":{"uv":[6.46875,7.46875,6.5,8.03125],"rotation":0,"texture":"#0","tintindex":0},"south":{"uv":[2.6875,9.09375,2.71875,9.65625],"rotation":0,"texture":"#0","tintindex":0},"up":{"uv":[2.625,5.6875,2.59375,4.4375],"rotation":0,"texture":"#0","tintindex":0},"west":{"uv":[1.25,6.0,2.5,6.5625],"rotation":0,"texture":"#0","tintindex":0}}}],"display":{"head":{"translation":[0.0,-6.4,6.400004],"rotation":[0.0,0.0,0.0],"scale":[3.7333333,3.7333333,3.7333333]}}}