{"textures":{"0":"modelengine:entity/white_van"},"elements":[{"name":"cube","from":[5.5714283,9.443714,-11.714285],"to":[6.0,23.158,32.0],"rotation":{"angle":0.0,"axis":"x","origin":[15.0,-3.4134283,-12.999999]},"faces":{"down":{"uv":[6.625,7.46875,6.59375,10.65625],"rotation":0,"texture":"#0","tintindex":0},"east":{"uv":[2.625,2.0,5.8125,3.0],"rotation":0,"texture":"#0","tintindex":0},"north":{"uv":[4.15625,8.96875,4.1875,9.96875],"rotation":0,"texture":"#0","tintindex":0},"south":{"uv":[1.34375,9.0625,1.375,10.0625],"rotation":0,"texture":"#0","tintindex":0},"up":{"uv":[6.59375,10.65625,6.5625,7.46875],"rotation":0,"texture":"#0","tintindex":0},"west":{"uv":[2.625,3.0,5.8125,4.0],"rotation":0,"texture":"#0","tintindex":0}}},{"name":"cube","from":[5.5714283,1.7294288,8.000001],"to":[6.0,9.443714,25.142859],"rotation":{"angle":0.0,"axis":"x","origin":[15.0,-3.4134283,3.285715]},"faces":{"down":{"uv":[6.46875,8.78125,6.4375,10.03125],"rotation":0,"texture":"#0","tintindex":0},"east":{"uv":[4.375,6.375,5.625,6.9375],"rotation":0,"texture":"#0","tintindex":0},"north":{"uv":[4.3125,9.125,4.34375,9.6875],"rotation":0,"texture":"#0","tintindex":0},"south":{"uv":[4.34375,9.125,4.375,9.6875],"rotation":0,"texture":"#0","tintindex":0},"up":{"uv":[6.4375,10.03125,6.40625,8.78125],"rotation":0,"texture":"#0","tintindex":0},"west":{"uv":[5.625,6.375,6.875,6.9375],"rotation":0,"texture":"#0","tintindex":0}}},{"name":"cube","from":[5.5714283,1.7294288,-11.714285],"to":[6.0,9.443714,-6.1428566],"rotation":{"angle":0.0,"axis":"x","origin":[15.0,-3.4134283,-16.428572]},"faces":{"down":{"uv":[4.5,9.125,4.46875,9.53125],"rotation":0,"texture":"#0","tintindex":0},"east":{"uv":[7.125,2.96875,7.53125,3.53125],"rotation":0,"texture":"#0","tintindex":0},"north":{"uv":[3.03125,9.09375,3.0625,9.65625],"rotation":0,"texture":"#0","tintindex":0},"south":{"uv":[3.0625,9.09375,3.09375,9.65625],"rotation":0,"texture":"#0","tintindex":0},"up":{"uv":[4.46875,9.53125,4.4375,9.125],"rotation":0,"texture":"#0","tintindex":0},"west":{"uv":[7.125,5.625,7.53125,6.1875],"rotation":0,"texture":"#0","tintindex":0}}},{"name":"cube","from":[5.575714,5.062943,-6.999999],"to":[5.995714,12.777228,-3.1428566],"rotation":{"angle":45.0,"axis":"x","origin":[5.787857,8.920075,-5.1297307]},"faces":{"down":{"uv":[3.53125,9.15625,3.5,9.4375],"rotation":0,"texture":"#0","tintindex":0},"east":{"uv":[7.125,7.4375,7.40625,8.0],"rotation":0,"texture":"#0","tintindex":0},"north":{"uv":[3.09375,9.09375,3.125,9.65625],"rotation":0,"texture":"#0","tintindex":0},"south":{"uv":[3.125,9.09375,3.15625,9.65625],"rotation":0,"texture":"#0","tintindex":0},"up":{"uv":[3.5,9.4375,3.46875,9.15625],"rotation":0,"texture":"#0","tintindex":0},"west":{"uv":[7.40625,7.4375,7.6875,8.0],"rotation":0,"texture":"#0","tintindex":0}}},{"name":"cube","from":[6.0,9.443714,-6.1428566],"to":[12.0,9.872286,32.0],"rotation":{"angle":0.0,"axis":"x","origin":[15.428572,4.300857,-10.857142]},"faces":{"down":{"uv":[3.5,4.0,3.0625,6.78125],"rotation":0,"texture":"#0","tintindex":0},"east":{"uv":[7.53125,1.03125,10.3125,1.0625],"rotation":0,"texture":"#0","tintindex":0},"north":{"uv":[6.625,2.4375,7.0625,2.46875],"rotation":0,"texture":"#0","tintindex":0},"south":{"uv":[6.625,2.46875,7.0625,2.5],"rotation":0,"texture":"#0","tintindex":0},"up":{"uv":[3.0625,6.78125,2.625,4.0],"rotation":0,"texture":"#0","tintindex":0},"west":{"uv":[8.21875,0.75,11.0,0.78125],"rotation":0,"texture":"#0","tintindex":0}}},{"name":"cube","from":[6.0,6.872286,-6.571428],"to":[12.0,9.872286,-6.1428566],"rotation":{"angle":0.0,"axis":"x","origin":[15.428572,1.7294288,-11.285713]},"faces":{"down":{"uv":[9.40625,8.625,8.96875,8.65625],"rotation":0,"texture":"#0","tintindex":0},"east":{"uv":[1.09375,7.53125,1.125,7.75],"rotation":0,"texture":"#0","tintindex":0},"north":{"uv":[7.53125,0.8125,7.96875,1.03125],"rotation":0,"texture":"#0","tintindex":0},"south":{"uv":[7.96875,0.8125,8.40625,1.03125],"rotation":0,"texture":"#0","tintindex":0},"up":{"uv":[8.84375,1.0,8.40625,0.96875],"rotation":0,"texture":"#0","tintindex":0},"west":{"uv":[8.0,2.1875,8.03125,2.40625],"rotation":0,"texture":"#0","tintindex":0}}},{"name":"cube","from":[11.142857,6.872286,-6.1428566],"to":[12.0,9.443714,32.0],"rotation":{"angle":0.0,"axis":"x","origin":[20.57143,1.7294288,-10.857142]},"faces":{"down":{"uv":[6.78125,6.9375,6.71875,9.71875],"rotation":0,"texture":"#0","tintindex":0},"east":{"uv":[5.8125,3.625,8.59375,3.8125],"rotation":0,"texture":"#0","tintindex":0},"north":{"uv":[3.78125,7.21875,3.84375,7.40625],"rotation":0,"texture":"#0","tintindex":0},"south":{"uv":[1.03125,7.53125,1.09375,7.71875],"rotation":0,"texture":"#0","tintindex":0},"up":{"uv":[6.71875,9.71875,6.65625,6.9375],"rotation":0,"texture":"#0","tintindex":0},"west":{"uv":[5.8125,3.8125,8.59375,4.0],"rotation":0,"texture":"#0","tintindex":0}}},{"name":"cube","from":[10.714286,2.158,-6.1428566],"to":[11.142857,7.729429,32.0],"rotation":{"angle":0.0,"axis":"x","origin":[20.142859,-2.984857,-10.857142]},"faces":{"down":{"uv":[1.03125,8.28125,1.0,11.0625],"rotation":0,"texture":"#0","tintindex":0},"east":{"uv":[5.1875,4.0,7.96875,4.40625],"rotation":0,"texture":"#0","tintindex":0},"north":{"uv":[4.5,9.125,4.53125,9.53125],"rotation":0,"texture":"#0","tintindex":0},"south":{"uv":[4.53125,9.125,4.5625,9.53125],"rotation":0,"texture":"#0","tintindex":0},"up":{"uv":[6.65625,10.25,6.625,7.46875],"rotation":0,"texture":"#0","tintindex":0},"west":{"uv":[5.1875,4.40625,7.96875,4.8125],"rotation":0,"texture":"#0","tintindex":0}}},{"name":"cube","from":[6.0,2.158,-6.1428566],"to":[10.714286,6.872286,-5.714285],"rotation":{"angle":0.0,"axis":"x","origin":[15.428572,-2.984857,-10.857142]},"faces":{"down":{"uv":[2.53125,5.96875,2.1875,6.0],"rotation":0,"texture":"#0","tintindex":0},"east":{"uv":[3.375,8.53125,3.40625,8.875],"rotation":0,"texture":"#0","tintindex":0},"north":{"uv":[8.21875,5.5,8.5625,5.84375],"rotation":0,"texture":"#0","tintindex":0},"south":{"uv":[7.875,8.25,8.21875,8.59375],"rotation":0,"texture":"#0","tintindex":0},"up":{"uv":[2.53125,5.96875,2.1875,5.9375],"rotation":0,"texture":"#0","tintindex":0},"west":{"uv":[9.09375,2.5625,9.125,2.90625],"rotation":0,"texture":"#0","tintindex":0}}}],"display":{"head":{"translation":[0.0,-6.4,13.607076],"rotation":[0.0,0.0,0.0],"scale":[3.7333333,3.7333333,3.7333333]}}}