{"textures":{"0":"modelengine:entity/white_van"},"elements":[{"name":"cube","from":[-1.0000005,7.785714,-13.857143],"to":[17.0,8.214285,29.857143],"rotation":{"angle":0.0,"axis":"x","origin":[8.0,-18.357143,-15.1428585]},"faces":{"down":{"uv":[2.625,0.0,1.3125,3.1875],"rotation":0,"texture":"#0","tintindex":0},"east":{"uv":[7.125,3.5625,10.3125,3.59375],"rotation":0,"texture":"#0","tintindex":0},"north":{"uv":[8.5625,0.71875,9.875,0.75],"rotation":0,"texture":"#0","tintindex":0},"south":{"uv":[8.5625,5.75,9.875,5.78125],"rotation":0,"texture":"#0","tintindex":0},"up":{"uv":[1.3125,3.1875,0.0,0.0],"rotation":0,"texture":"#0","tintindex":0},"west":{"uv":[7.125,3.59375,10.3125,3.625],"rotation":0,"texture":"#0","tintindex":0}}}],"display":{"head":{"translation":[0.0,-6.4,0.0],"rotation":[0.0,0.0,0.0],"scale":[3.7333333,3.7333333,3.7333333]}}}