{"textures":{"0":"modelengine:entity/ape_safari"},"elements":[{"name":"base","from":[6.5,5.623579,4.2860904],"to":[9.5,10.42358,7.286091],"rotation":{"angle":-22.5,"axis":"x","origin":[10.700001,13.423579,5.4860907]},"faces":{"down":{"uv":[5.4375,5.9375,5.125,6.25],"rotation":0,"texture":"#0","tintindex":0},"east":{"uv":[5.875,0.9375,6.1875,1.4375],"rotation":0,"texture":"#0","tintindex":0},"north":{"uv":[5.875,0.4375,6.1875,0.9375],"rotation":0,"texture":"#0","tintindex":0},"south":{"uv":[5.875,3.5,6.1875,4.0],"rotation":0,"texture":"#0","tintindex":0},"up":{"uv":[6.25,5.25,5.9375,4.9375],"rotation":0,"texture":"#0","tintindex":0},"west":{"uv":[3.5625,5.875,3.875,6.375],"rotation":0,"texture":"#0","tintindex":0}}},{"name":"base","from":[4.7,9.223579,2.4860904],"to":[11.3,17.62358,8.486091],"rotation":{"angle":0.0,"axis":"x","origin":[8.9,13.423579,5.4860907]},"faces":{"down":{"uv":[2.625,3.125,1.9375,3.75],"rotation":0,"texture":"#0","tintindex":0},"east":{"uv":[2.5,0.875,3.125,1.75],"rotation":0,"texture":"#0","tintindex":0},"north":{"uv":[0.0,2.1875,0.6875,3.0625],"rotation":0,"texture":"#0","tintindex":0},"south":{"uv":[2.5,0.0,3.1875,0.875],"rotation":0,"texture":"#0","tintindex":0},"up":{"uv":[0.6875,3.6875,0.0,3.0625],"rotation":0,"texture":"#0","tintindex":0},"west":{"uv":[2.5,1.75,3.125,2.625],"rotation":0,"texture":"#0","tintindex":0}}},{"name":"base","from":[2.6,15.82358,0.08609033],"to":[13.400001,16.42358,10.886091],"rotation":{"angle":0.0,"axis":"x","origin":[6.8,13.423579,5.4860907]},"faces":{"down":{"uv":[5.625,7.375,4.5,8.5],"rotation":0,"texture":"#0","tintindex":0},"east":{"uv":[2.75,6.4375,3.875,6.5],"rotation":0,"texture":"#0","tintindex":0},"north":{"uv":[2.75,6.375,3.875,6.4375],"rotation":0,"texture":"#0","tintindex":0},"south":{"uv":[4.5,10.0,5.625,10.0625],"rotation":0,"texture":"#0","tintindex":0},"up":{"uv":[5.625,7.375,4.5,6.25],"rotation":0,"texture":"#0","tintindex":0},"west":{"uv":[4.5,10.0625,5.625,10.125],"rotation":0,"texture":"#0","tintindex":0}}},{"name":"base","from":[4.3999996,16.42358,1.8860904],"to":[11.6,19.42358,9.08609],"rotation":{"angle":0.0,"axis":"x","origin":[8.6,13.423579,5.4860907]},"faces":{"down":{"uv":[5.25,9.25,4.5,10.0],"rotation":0,"texture":"#0","tintindex":0},"east":{"uv":[0.0,6.0,0.75,6.3125],"rotation":0,"texture":"#0","tintindex":0},"north":{"uv":[5.0625,4.375,5.8125,4.6875],"rotation":0,"texture":"#0","tintindex":0},"south":{"uv":[0.75,6.1875,1.5,6.5],"rotation":0,"texture":"#0","tintindex":0},"up":{"uv":[5.25,9.25,4.5,8.5],"rotation":0,"texture":"#0","tintindex":0},"west":{"uv":[2.0,6.1875,2.75,6.5],"rotation":0,"texture":"#0","tintindex":0}}},{"name":"ears","from":[11.3,11.02358,5.4860907],"to":[13.1,14.62358,6.6860905],"rotation":{"angle":0.0,"axis":"x","origin":[8.9,13.423579,5.4860907]},"faces":{"down":{"uv":[2.4375,1.6875,2.25,1.8125],"rotation":0,"texture":"#0","tintindex":0},"east":{"uv":[3.8125,2.125,3.9375,2.5],"rotation":0,"texture":"#0","tintindex":0},"north":{"uv":[2.25,1.125,2.4375,1.5],"rotation":0,"texture":"#0","tintindex":0},"south":{"uv":[0.4375,3.6875,0.625,4.0625],"rotation":0,"texture":"#0","tintindex":0},"up":{"uv":[1.1875,1.8125,1.0,1.6875],"rotation":0,"texture":"#0","tintindex":0},"west":{"uv":[0.3125,4.5625,0.4375,4.9375],"rotation":0,"texture":"#0","tintindex":0}}},{"name":"ears","from":[2.8999999,11.02358,5.4860907],"to":[4.7,14.62358,6.6860905],"rotation":{"angle":0.0,"axis":"x","origin":[7.1,13.423579,5.4860907]},"faces":{"down":{"uv":[0.625,4.1875,0.4375,4.3125],"rotation":0,"texture":"#0","tintindex":0},"east":{"uv":[2.3125,4.625,2.4375,5.0],"rotation":0,"texture":"#0","tintindex":0},"north":{"uv":[2.4375,3.75,2.625,4.125],"rotation":0,"texture":"#0","tintindex":0},"south":{"uv":[2.4375,4.125,2.625,4.5],"rotation":0,"texture":"#0","tintindex":0},"up":{"uv":[0.625,4.1875,0.4375,4.0625],"rotation":0,"texture":"#0","tintindex":0},"west":{"uv":[2.8125,5.25,2.9375,5.625],"rotation":0,"texture":"#0","tintindex":0}}},{"name":"base","from":[5.3,9.223579,0.68609047],"to":[10.700001,12.82358,3.6860905],"rotation":{"angle":22.5,"axis":"x","origin":[8.0,11.02358,4.2860904]},"faces":{"down":{"uv":[6.125,1.625,5.5625,1.9375],"rotation":0,"texture":"#0","tintindex":0},"east":{"uv":[0.6875,2.1875,1.0,2.5625],"rotation":0,"texture":"#0","tintindex":0},"north":{"uv":[5.375,5.125,5.9375,5.5],"rotation":0,"texture":"#0","tintindex":0},"south":{"uv":[3.25,5.4375,3.8125,5.8125],"rotation":0,"texture":"#0","tintindex":0},"up":{"uv":[3.75,0.875,3.1875,0.5625],"rotation":0,"texture":"#0","tintindex":0},"west":{"uv":[4.25,3.5625,4.5625,3.9375],"rotation":0,"texture":"#0","tintindex":0}}},{"name":"base","from":[5.0,9.373579,0.08609033],"to":[11.0,10.57358,3.6860905],"rotation":{"angle":0.0,"axis":"x","origin":[7.7,11.02358,4.2860904]},"faces":{"down":{"uv":[1.9375,5.3125,1.3125,5.6875],"rotation":0,"texture":"#0","tintindex":0},"east":{"uv":[3.9375,0.4375,4.3125,0.5625],"rotation":0,"texture":"#0","tintindex":0},"north":{"uv":[4.8125,2.625,5.4375,2.75],"rotation":0,"texture":"#0","tintindex":0},"south":{"uv":[5.25,3.9375,5.875,4.0625],"rotation":0,"texture":"#0","tintindex":0},"up":{"uv":[5.875,3.9375,5.25,3.5625],"rotation":0,"texture":"#0","tintindex":0},"west":{"uv":[5.9375,3.375,6.3125,3.5],"rotation":0,"texture":"#0","tintindex":0}}},{"name":"base","from":[6.5,12.37358,0.68609047],"to":[9.5,14.173579,2.4860904],"rotation":{"angle":0.0,"axis":"x","origin":[9.2,11.02358,4.2860904]},"faces":{"down":{"uv":[5.75,5.9375,5.4375,6.125],"rotation":0,"texture":"#0","tintindex":0},"east":{"uv":[1.0,1.5,1.1875,1.6875],"rotation":0,"texture":"#0","tintindex":0},"north":{"uv":[5.5625,2.4375,5.875,2.625],"rotation":0,"texture":"#0","tintindex":0},"south":{"uv":[5.875,1.4375,6.1875,1.625],"rotation":0,"texture":"#0","tintindex":0},"up":{"uv":[6.25,5.4375,5.9375,5.25],"rotation":0,"texture":"#0","tintindex":0},"west":{"uv":[2.25,1.5,2.4375,1.6875],"rotation":0,"texture":"#0","tintindex":0}}}],"display":{"head":{"translation":[0.0,-6.4,0.0],"rotation":[0.0,0.0,0.0],"scale":[3.8095,3.8095,3.8095]}}}