{"textures":{"0":"modelengine:entity/squishy_cowboy"},"elements":[{"name":"cube","from":[3.7999997,11.3466015,4.0333333],"to":[12.2,15.546602,11.833334],"rotation":{"angle":0.0,"axis":"x","origin":[3.7999997,11.3466015,4.0333333]},"faces":{"down":{"uv":[5.0,5.5,3.25,7.125],"rotation":0,"texture":"#0","tintindex":0},"east":{"uv":[9.0,0.75,10.625,1.625],"rotation":0,"texture":"#0","tintindex":0},"north":{"uv":[8.125,7.5,9.875,8.375],"rotation":0,"texture":"#0","tintindex":0},"south":{"uv":[8.125,8.375,9.875,9.25],"rotation":0,"texture":"#0","tintindex":0},"up":{"uv":[7.25,3.5,5.5,1.875],"rotation":0,"texture":"#0","tintindex":0},"west":{"uv":[9.0,1.625,10.625,2.5],"rotation":0,"texture":"#0","tintindex":0}}},{"name":"cube","from":[3.7999997,15.546602,4.633333],"to":[12.2,16.146603,11.233334],"rotation":{"angle":0.0,"axis":"x","origin":[4.3999996,11.3466015,4.0333333]},"faces":{"down":{"uv":[9.0,1.375,7.25,2.75],"rotation":0,"texture":"#0","tintindex":0},"east":{"uv":[11.0,0.625,12.375,0.75],"rotation":0,"texture":"#0","tintindex":0},"north":{"uv":[10.75,7.625,12.5,7.75],"rotation":0,"texture":"#0","tintindex":0},"south":{"uv":[10.75,7.75,12.5,7.875],"rotation":0,"texture":"#0","tintindex":0},"up":{"uv":[9.0,1.375,7.25,0.0],"rotation":0,"texture":"#0","tintindex":0},"west":{"uv":[3.25,11.0,4.625,11.125],"rotation":0,"texture":"#0","tintindex":0}}},{"name":"cube","from":[4.37,15.456601,3.4333332],"to":[11.63,16.2066,12.433333],"rotation":{"angle":0.0,"axis":"x","origin":[4.37,15.756601,3.4333332]},"faces":{"down":{"uv":[3.75,7.125,2.25,9.0],"rotation":0,"texture":"#0","tintindex":0},"east":{"uv":[10.75,7.375,12.625,7.5],"rotation":0,"texture":"#0","tintindex":0},"north":{"uv":[11.0,0.375,12.5,0.5],"rotation":0,"texture":"#0","tintindex":0},"south":{"uv":[11.0,0.5,12.5,0.625],"rotation":0,"texture":"#0","tintindex":0},"up":{"uv":[7.25,1.875,5.75,0.0],"rotation":0,"texture":"#0","tintindex":0},"west":{"uv":[10.75,7.5,12.625,7.625],"rotation":0,"texture":"#0","tintindex":0}}},{"name":"cube","from":[3.7699997,16.2066,3.4333332],"to":[12.2300005,19.2066,12.433333],"rotation":{"angle":0.0,"axis":"x","origin":[3.7699997,16.2066,3.4333332]},"faces":{"down":{"uv":[5.75,0.0,4.0,1.875],"rotation":0,"texture":"#0","tintindex":0},"east":{"uv":[9.875,8.125,11.75,8.75],"rotation":0,"texture":"#0","tintindex":0},"north":{"uv":[10.25,8.75,12.0,9.375],"rotation":0,"texture":"#0","tintindex":0},"south":{"uv":[10.25,9.375,12.0,10.0],"rotation":0,"texture":"#0","tintindex":0},"up":{"uv":[1.75,5.875,0.0,4.0],"rotation":0,"texture":"#0","tintindex":0},"west":{"uv":[4.125,10.125,6.0,10.75],"rotation":0,"texture":"#0","tintindex":0}}},{"name":"cube","from":[9.8,15.606601,1.9333334],"to":[15.2,16.2066,13.933333],"rotation":{"angle":22.5,"axis":"z","origin":[11.900001,15.906601,7.9333334]},"faces":{"down":{"uv":[7.25,5.5,6.125,8.0],"rotation":0,"texture":"#0","tintindex":0},"east":{"uv":[10.75,6.875,13.25,7.0],"rotation":0,"texture":"#0","tintindex":0},"north":{"uv":[4.625,11.0,5.75,11.125],"rotation":0,"texture":"#0","tintindex":0},"south":{"uv":[11.0,4.875,12.125,5.0],"rotation":0,"texture":"#0","tintindex":0},"up":{"uv":[2.25,8.625,1.125,6.125],"rotation":0,"texture":"#0","tintindex":0},"west":{"uv":[10.75,7.0,13.25,7.125],"rotation":0,"texture":"#0","tintindex":0}}},{"name":"cube","from":[5.9253416,14.825803,1.9333334],"to":[10.074658,15.380132,13.933333],"rotation":{"angle":0.0,"axis":"x","origin":[9.225342,15.125802,7.9333334]},"faces":{"down":{"uv":[8.125,5.0,7.25,7.5],"rotation":0,"texture":"#0","tintindex":0},"east":{"uv":[10.75,7.125,13.25,7.25],"rotation":0,"texture":"#0","tintindex":0},"north":{"uv":[2.25,7.0,3.125,7.125],"rotation":0,"texture":"#0","tintindex":0},"south":{"uv":[9.375,10.625,10.25,10.75],"rotation":0,"texture":"#0","tintindex":0},"up":{"uv":[4.625,9.625,3.75,7.125],"rotation":0,"texture":"#0","tintindex":0},"west":{"uv":[10.75,7.25,13.25,7.375],"rotation":0,"texture":"#0","tintindex":0}}},{"name":"cube","from":[0.7999997,15.606601,1.9333334],"to":[6.2,16.2066,13.933333],"rotation":{"angle":-22.5,"axis":"z","origin":[4.1,15.906601,7.9333334]},"faces":{"down":{"uv":[1.125,5.875,0.0,8.375],"rotation":0,"texture":"#0","tintindex":0},"east":{"uv":[10.375,6.625,12.875,6.75],"rotation":0,"texture":"#0","tintindex":0},"north":{"uv":[0.0,8.375,1.125,8.5],"rotation":0,"texture":"#0","tintindex":0},"south":{"uv":[0.0,8.5,1.125,8.625],"rotation":0,"texture":"#0","tintindex":0},"up":{"uv":[6.125,8.0,5.0,5.5],"rotation":0,"texture":"#0","tintindex":0},"west":{"uv":[10.75,6.75,13.25,6.875],"rotation":0,"texture":"#0","tintindex":0}}},{"name":"cube","from":[4.3999996,15.546602,4.0333333],"to":[11.6,16.146603,4.633333],"rotation":{"angle":0.0,"axis":"x","origin":[4.3999996,11.3466015,4.0333333]},"faces":{"down":{"uv":[12.375,10.875,10.875,11.0],"rotation":0,"texture":"#0","tintindex":0},"east":{"uv":[1.125,5.875,1.25,6.0],"rotation":0,"texture":"#0","tintindex":0},"north":{"uv":[10.75,7.875,12.25,8.0],"rotation":0,"texture":"#0","tintindex":0},"south":{"uv":[10.75,8.0,12.25,8.125],"rotation":0,"texture":"#0","tintindex":0},"up":{"uv":[10.875,11.0,9.375,10.875],"rotation":0,"texture":"#0","tintindex":0},"west":{"uv":[1.25,5.875,1.375,6.0],"rotation":0,"texture":"#0","tintindex":0}}},{"name":"cube","from":[4.7,15.8466015,4.9333334],"to":[11.3,17.046602,10.933334],"rotation":{"angle":0.0,"axis":"x","origin":[4.7,11.3466015,4.0333333]},"faces":{"down":{"uv":[9.5,6.25,8.125,7.5],"rotation":0,"texture":"#0","tintindex":0},"east":{"uv":[0.0,10.75,1.25,11.0],"rotation":0,"texture":"#0","tintindex":0},"north":{"uv":[5.5,3.5,6.875,3.75],"rotation":0,"texture":"#0","tintindex":0},"south":{"uv":[5.5,3.75,6.875,4.0],"rotation":0,"texture":"#0","tintindex":0},"up":{"uv":[9.5,6.25,8.125,5.0],"rotation":0,"texture":"#0","tintindex":0},"west":{"uv":[4.125,10.75,5.375,11.0],"rotation":0,"texture":"#0","tintindex":0}}},{"name":"cube","from":[4.3999996,15.546602,11.233334],"to":[11.6,16.146603,11.833334],"rotation":{"angle":0.0,"axis":"x","origin":[4.3999996,11.3466015,4.0333333]},"faces":{"down":{"uv":[12.5,0.25,11.0,0.375],"rotation":0,"texture":"#0","tintindex":0},"east":{"uv":[1.375,5.875,1.5,6.0],"rotation":0,"texture":"#0","tintindex":0},"north":{"uv":[0.0,11.0,1.5,11.125],"rotation":0,"texture":"#0","tintindex":0},"south":{"uv":[11.0,0.0,12.5,0.125],"rotation":0,"texture":"#0","tintindex":0},"up":{"uv":[12.5,0.25,11.0,0.125],"rotation":0,"texture":"#0","tintindex":0},"west":{"uv":[1.5,5.875,1.625,6.0],"rotation":0,"texture":"#0","tintindex":0}}},{"name":"cube","from":[3.1999998,8.046601,2.8333335],"to":[12.8,11.646602,11.833334],"rotation":{"angle":0.0,"axis":"x","origin":[8.0,10.746601,7.9333334]},"faces":{"down":{"uv":[4.0,2.125,2.0,4.0],"rotation":0,"texture":"#0","tintindex":0},"east":{"uv":[9.25,2.5,11.125,3.25],"rotation":0,"texture":"#0","tintindex":0},"north":{"uv":[0.0,8.625,2.0,9.375],"rotation":0,"texture":"#0","tintindex":0},"south":{"uv":[9.0,0.0,11.0,0.75],"rotation":0,"texture":"#0","tintindex":0},"up":{"uv":[2.0,4.0,0.0,2.125],"rotation":0,"texture":"#0","tintindex":0},"west":{"uv":[9.25,3.25,11.125,4.0],"rotation":0,"texture":"#0","tintindex":0}}}],"display":{"head":{"translation":[0.0,-6.4,0.0],"rotation":[0.0,0.0,0.0],"scale":[3.8095,3.8095,3.8095]}}}