{"textures":{"0":"modelengine:entity/cosmetic_crate"},"elements":[{"name":"cube","from":[2.8999999,5.9333334,-4.0000005],"to":[13.1,11.333333,-3.4000006],"rotation":{"angle":0.0,"axis":"x","origin":[2.8999999,1.733333,-4.0000005]},"faces":{"down":{"uv":[13.625,0.625,11.5,0.75],"rotation":0,"texture":"#0","tintindex":0},"east":{"uv":[11.25,11.75,11.375,12.875],"rotation":0,"texture":"#0","tintindex":0},"north":{"uv":[0.0,6.625,2.125,7.75],"rotation":0,"texture":"#0","tintindex":0},"south":{"uv":[2.125,6.625,4.25,7.75],"rotation":0,"texture":"#0","tintindex":0},"up":{"uv":[13.625,0.625,11.5,0.5],"rotation":0,"texture":"#0","tintindex":0},"west":{"uv":[11.375,11.75,11.5,12.875],"rotation":0,"texture":"#0","tintindex":0}}},{"name":"cube","from":[-1.9000006,11.333333,-4.0000005],"to":[17.900002,12.533334,8.0],"rotation":{"angle":0.0,"axis":"x","origin":[-1.9000006,1.733333,-4.0000005]},"faces":{"down":{"uv":[8.875,2.5,4.75,5.0],"rotation":0,"texture":"#0","tintindex":0},"east":{"uv":[9.375,1.5,11.875,1.75],"rotation":0,"texture":"#0","tintindex":0},"north":{"uv":[9.375,1.0,13.5,1.25],"rotation":0,"texture":"#0","tintindex":0},"south":{"uv":[9.375,1.25,13.5,1.5],"rotation":0,"texture":"#0","tintindex":0},"up":{"uv":[8.875,2.5,4.75,0.0],"rotation":0,"texture":"#0","tintindex":0},"west":{"uv":[9.375,1.75,11.875,2.0],"rotation":0,"texture":"#0","tintindex":0}}},{"name":"cube","from":[18.2,10.733334,-4.6000004],"to":[20.600002,13.133333,8.6],"rotation":{"angle":0.0,"axis":"x","origin":[19.400002,1.733333,-4.0000005]},"faces":{"down":{"uv":[8.625,9.125,8.125,11.875],"rotation":0,"texture":"#0","tintindex":0},"east":{"uv":[9.0,7.125,11.75,7.625],"rotation":0,"texture":"#0","tintindex":0},"north":{"uv":[11.625,4.25,12.125,4.75],"rotation":0,"texture":"#0","tintindex":0},"south":{"uv":[11.625,9.875,12.125,10.375],"rotation":0,"texture":"#0","tintindex":0},"up":{"uv":[8.125,11.875,7.625,9.125],"rotation":0,"texture":"#0","tintindex":0},"west":{"uv":[9.0,7.625,11.75,8.125],"rotation":0,"texture":"#0","tintindex":0}}},{"name":"cube","from":[-1.9000006,8.333333,-4.0000005],"to":[2.8999999,11.333333,-3.4000006],"rotation":{"angle":0.0,"axis":"x","origin":[2.8999999,1.733333,-4.0000005]},"faces":{"down":{"uv":[12.875,2.375,11.875,2.5],"rotation":0,"texture":"#0","tintindex":0},"east":{"uv":[1.0,12.125,1.125,12.75],"rotation":0,"texture":"#0","tintindex":0},"north":{"uv":[2.375,7.75,3.375,8.375],"rotation":0,"texture":"#0","tintindex":0},"south":{"uv":[9.375,2.5,10.375,3.125],"rotation":0,"texture":"#0","tintindex":0},"up":{"uv":[12.875,2.375,11.875,2.25],"rotation":0,"texture":"#0","tintindex":0},"west":{"uv":[1.125,12.125,1.25,12.75],"rotation":0,"texture":"#0","tintindex":0}}},{"name":"cube","from":[13.1,8.333333,-4.0000005],"to":[17.900002,11.333333,-3.4000006],"rotation":{"angle":0.0,"axis":"x","origin":[13.1,1.733333,-4.0000005]},"faces":{"down":{"uv":[1.5,12.0,0.5,12.125],"rotation":0,"texture":"#0","tintindex":0},"east":{"uv":[2.125,12.125,2.25,12.75],"rotation":0,"texture":"#0","tintindex":0},"north":{"uv":[2.0,10.25,3.0,10.875],"rotation":0,"texture":"#0","tintindex":0},"south":{"uv":[3.0,10.25,4.0,10.875],"rotation":0,"texture":"#0","tintindex":0},"up":{"uv":[12.625,12.0,11.625,11.875],"rotation":0,"texture":"#0","tintindex":0},"west":{"uv":[2.25,12.125,2.375,12.75],"rotation":0,"texture":"#0","tintindex":0}}},{"name":"cube","from":[-4.6000004,10.733334,-4.6000004],"to":[-2.2000003,13.133333,8.6],"rotation":{"angle":0.0,"axis":"x","origin":[-3.4000006,1.733333,-4.0000005]},"faces":{"down":{"uv":[7.625,9.125,7.125,11.875],"rotation":0,"texture":"#0","tintindex":0},"east":{"uv":[8.875,4.25,11.625,4.75],"rotation":0,"texture":"#0","tintindex":0},"north":{"uv":[11.625,3.25,12.125,3.75],"rotation":0,"texture":"#0","tintindex":0},"south":{"uv":[11.625,3.75,12.125,4.25],"rotation":0,"texture":"#0","tintindex":0},"up":{"uv":[2.0,11.75,1.5,9.0],"rotation":0,"texture":"#0","tintindex":0},"west":{"uv":[9.0,6.625,11.75,7.125],"rotation":0,"texture":"#0","tintindex":0}}},{"name":"cube","from":[5.6,12.533334,-1.0000005],"to":[6.8,13.733334,5.0],"rotation":{"angle":0.0,"axis":"x","origin":[6.8,1.733333,-2.2000003]},"faces":{"down":{"uv":[7.125,9.25,6.125,10.5],"rotation":0,"texture":"#0","tintindex":0},"east":{"uv":[11.375,6.0,12.625,6.25],"rotation":0,"texture":"#0","tintindex":0},"north":{"uv":[2.375,8.375,3.375,8.625],"rotation":0,"texture":"#0","tintindex":0},"south":{"uv":[0.5,11.75,1.5,12.0],"rotation":0,"texture":"#0","tintindex":0},"up":{"uv":[10.25,6.0,10.0,4.75],"rotation":0,"texture":"#0","tintindex":0},"west":{"uv":[11.375,6.25,12.625,6.5],"rotation":0,"texture":"#0","tintindex":0}}},{"name":"cube","from":[6.8,12.533334,-1.0000005],"to":[9.2,13.733334,0.19999981],"rotation":{"angle":0.0,"axis":"x","origin":[6.8,1.733333,-2.2000003]},"faces":{"down":{"uv":[7.125,9.25,6.125,10.5],"rotation":0,"texture":"#0","tintindex":0},"east":{"uv":[11.375,6.0,12.625,6.25],"rotation":0,"texture":"#0","tintindex":0},"north":{"uv":[2.375,8.375,3.375,8.625],"rotation":0,"texture":"#0","tintindex":0},"south":{"uv":[0.5,11.75,1.5,12.0],"rotation":0,"texture":"#0","tintindex":0},"up":{"uv":[10.0,6.0,9.5,5.75],"rotation":0,"texture":"#0","tintindex":0},"west":{"uv":[11.375,6.25,12.625,6.5],"rotation":0,"texture":"#0","tintindex":0}}},{"name":"cube","from":[6.8,12.533334,3.7999997],"to":[9.2,13.733334,5.0],"rotation":{"angle":0.0,"axis":"x","origin":[6.8,1.733333,6.2]},"faces":{"down":{"uv":[7.125,10.5,6.125,9.25],"rotation":0,"texture":"#0","tintindex":0},"east":{"uv":[12.625,6.0,11.375,6.25],"rotation":0,"texture":"#0","tintindex":0},"north":{"uv":[1.5,11.75,0.5,12.0],"rotation":0,"texture":"#0","tintindex":0},"south":{"uv":[3.375,8.375,2.375,8.625],"rotation":0,"texture":"#0","tintindex":0},"up":{"uv":[10.0,5.75,9.5,6.0],"rotation":0,"texture":"#0","tintindex":0},"west":{"uv":[12.625,6.25,11.375,6.5],"rotation":0,"texture":"#0","tintindex":0}}},{"name":"cube","from":[9.2,12.533334,-1.0000005],"to":[10.4,13.733334,5.0],"rotation":{"angle":0.0,"axis":"x","origin":[9.2,1.733333,-2.2000003]},"faces":{"down":{"uv":[6.125,9.25,7.125,10.5],"rotation":0,"texture":"#0","tintindex":0},"east":{"uv":[12.625,6.25,11.375,6.5],"rotation":0,"texture":"#0","tintindex":0},"north":{"uv":[3.375,8.375,2.375,8.625],"rotation":0,"texture":"#0","tintindex":0},"south":{"uv":[1.5,11.75,0.5,12.0],"rotation":0,"texture":"#0","tintindex":0},"up":{"uv":[10.0,6.0,10.25,4.75],"rotation":0,"texture":"#0","tintindex":0},"west":{"uv":[12.625,6.0,11.375,6.25],"rotation":0,"texture":"#0","tintindex":0}}},{"name":"cube","from":[6.5941124,12.533334,-1.994113],"to":[9.988225,13.727333,1.3999997],"rotation":{"angle":-45.0,"axis":"y","origin":[8.994113,13.133333,-1.0000005]},"faces":{"down":{"uv":[4.75,10.75,4.0,11.5],"rotation":0,"texture":"#0","tintindex":0},"east":{"uv":[11.75,7.5,12.5,7.75],"rotation":0,"texture":"#0","tintindex":0},"north":{"uv":[11.75,7.25,12.5,7.5],"rotation":0,"texture":"#0","tintindex":0},"south":{"uv":[11.75,7.75,12.5,8.0],"rotation":0,"texture":"#0","tintindex":0},"up":{"uv":[4.125,8.5,3.375,7.75],"rotation":0,"texture":"#0","tintindex":0},"west":{"uv":[11.75,8.625,12.5,8.875],"rotation":0,"texture":"#0","tintindex":0}}},{"name":"cube","from":[10.836754,12.533334,5.7632465],"to":[14.230866,13.727333,9.157359],"rotation":{"angle":-45.0,"axis":"y","origin":[13.236753,13.133333,0.757359]},"faces":{"down":{"uv":[3.5,10.875,2.75,11.625],"rotation":0,"texture":"#0","tintindex":0},"east":{"uv":[11.75,9.125,12.5,9.375],"rotation":0,"texture":"#0","tintindex":0},"north":{"uv":[11.75,8.875,12.5,9.125],"rotation":0,"texture":"#0","tintindex":0},"south":{"uv":[11.875,1.5,12.625,1.75],"rotation":0,"texture":"#0","tintindex":0},"up":{"uv":[2.75,11.625,2.0,10.875],"rotation":0,"texture":"#0","tintindex":0},"west":{"uv":[11.875,1.75,12.625,2.0],"rotation":0,"texture":"#0","tintindex":0}}},{"name":"cube","from":[7.1,8.333333,8.0],"to":[8.9,12.533334,8.6],"rotation":{"angle":0.0,"axis":"x",