{"textures":{"0":"modelengine:entity/cosmetic_crate"},"elements":[{"name":"cube","from":[18.2,3.7166665,2.633333],"to":[20.600002,6.116667,15.833334],"rotation":{"angle":0.0,"axis":"x","origin":[19.400002,3.7166665,3.233333]},"faces":{"down":{"uv":[1.5,9.0,1.0,11.75],"rotation":0,"texture":"#0","tintindex":0},"east":{"uv":[8.875,3.25,11.625,3.75],"rotation":0,"texture":"#0","tintindex":0},"north":{"uv":[11.625,2.5,12.125,3.0],"rotation":0,"texture":"#0","tintindex":0},"south":{"uv":[2.625,11.625,3.125,12.125],"rotation":0,"texture":"#0","tintindex":0},"up":{"uv":[1.0,11.75,0.5,9.0],"rotation":0,"texture":"#0","tintindex":0},"west":{"uv":[8.875,3.75,11.625,4.25],"rotation":0,"texture":"#0","tintindex":0}}},{"name":"cube","from":[2.8999999,5.5166664,3.233333],"to":[13.1,7.9166665,3.833333],"rotation":{"angle":0.0,"axis":"x","origin":[2.8999999,3.7166665,3.233333]},"faces":{"down":{"uv":[13.625,0.875,11.5,1.0],"rotation":0,"texture":"#0","tintindex":0},"east":{"uv":[9.875,8.625,10.0,9.125],"rotation":0,"texture":"#0","tintindex":0},"north":{"uv":[9.25,6.0,11.375,6.5],"rotation":0,"texture":"#0","tintindex":0},"south":{"uv":[9.375,0.5,11.5,1.0],"rotation":0,"texture":"#0","tintindex":0},"up":{"uv":[13.625,0.875,11.5,0.75],"rotation":0,"texture":"#0","tintindex":0},"west":{"uv":[12.125,0.0,12.25,0.5],"rotation":0,"texture":"#0","tintindex":0}}},{"name":"cube","from":[-3.7000003,5.5166664,3.233333],"to":[2.8999999,10.316667,3.833333],"rotation":{"angle":0.0,"axis":"x","origin":[2.8999999,3.7166665,3.233333]},"faces":{"down":{"uv":[13.125,9.375,11.75,9.5],"rotation":0,"texture":"#0","tintindex":0},"east":{"uv":[11.5,11.75,11.625,12.75],"rotation":0,"texture":"#0","tintindex":0},"north":{"uv":[8.625,9.125,10.0,10.125],"rotation":0,"texture":"#0","tintindex":0},"south":{"uv":[2.0,9.25,3.375,10.25],"rotation":0,"texture":"#0","tintindex":0},"up":{"uv":[13.125,8.125,11.75,8.0],"rotation":0,"texture":"#0","tintindex":0},"west":{"uv":[6.75,11.875,6.875,12.875],"rotation":0,"texture":"#0","tintindex":0}}},{"name":"cube","from":[-3.7000003,5.5166664,3.833333],"to":[-3.1000004,10.316667,15.233334],"rotation":{"angle":0.0,"axis":"x","origin":[2.8999999,3.7166665,3.233333]},"faces":{"down":{"uv":[5.625,11.5,5.5,13.875],"rotation":0,"texture":"#0","tintindex":0},"east":{"uv":[4.25,6.625,6.625,7.625],"rotation":0,"texture":"#0","tintindex":0},"north":{"uv":[7.125,11.875,7.25,12.875],"rotation":0,"texture":"#0","tintindex":0},"south":{"uv":[7.25,11.875,7.375,12.875],"rotation":0,"texture":"#0","tintindex":0},"up":{"uv":[5.5,13.875,5.375,11.5],"rotation":0,"texture":"#0","tintindex":0},"west":{"uv":[6.625,6.625,9.0,7.625],"rotation":0,"texture":"#0","tintindex":0}}},{"name":"cube","from":[19.1,5.5166664,3.833333],"to":[19.7,10.316667,15.233334],"rotation":{"angle":0.0,"axis":"x","origin":[13.1,3.7166665,3.233333]},"faces":{"down":{"uv":[2.125,11.625,2.0,14.0],"rotation":0,"texture":"#0","tintindex":0},"east":{"uv":[4.25,7.625,6.625,8.625],"rotation":0,"texture":"#0","tintindex":0},"north":{"uv":[7.375,11.875,7.5,12.875],"rotation":0,"texture":"#0","tintindex":0},"south":{"uv":[7.5,11.875,7.625,12.875],"rotation":0,"texture":"#0","tintindex":0},"up":{"uv":[5.75,13.875,5.625,11.5],"rotation":0,"texture":"#0","tintindex":0},"west":{"uv":[6.625,7.625,9.0,8.625],"rotation":0,"texture":"#0","tintindex":0}}},{"name":"cube","from":[-3.1000004,5.5166664,14.633333],"to":[19.1,10.316667,15.233334],"rotation":{"angle":0.0,"axis":"x","origin":[13.1,3.7166665,3.233333]},"faces":{"down":{"uv":[14.875,5.875,10.25,6.0],"rotation":0,"texture":"#0","tintindex":0},"east":{"uv":[7.625,11.875,7.75,12.875],"rotation":0,"texture":"#0","tintindex":0},"north":{"uv":[0.0,5.0,4.625,6.0],"rotation":0,"texture":"#0","tintindex":0},"south":{"uv":[4.625,5.0,9.25,6.0],"rotation":0,"texture":"#0","tintindex":0},"up":{"uv":[14.875,5.875,10.25,5.75],"rotation":0,"texture":"#0","tintindex":0},"west":{"uv":[7.75,11.875,7.875,12.875],"rotation":0,"texture":"#0","tintindex":0}}},{"name":"cube","from":[13.1,5.5166664,3.233333],"to":[19.7,10.316667,3.833333],"rotation":{"angle":0.0,"axis":"x","origin":[13.1,3.7166665,3.233333]},"faces":{"down":{"uv":[13.25,2.125,11.875,2.25],"rotation":0,"texture":"#0","tintindex":0},"east":{"uv":[6.875,11.875,7.0,12.875],"rotation":0,"texture":"#0","tintindex":0},"north":{"uv":[3.375,9.25,4.75,10.25],"rotation":0,"texture":"#0","tintindex":0},"south":{"uv":[4.75,9.25,6.125,10.25],"rotation":0,"texture":"#0","tintindex":0},"up":{"uv":[13.25,2.125,11.875,2.0],"rotation":0,"texture":"#0","tintindex":0},"west":{"uv":[7.0,11.875,7.125,12.875],"rotation":0,"texture":"#0","tintindex":0}}},{"name":"cube","from":[-3.4000006,4.3166666,3.233333],"to":[19.400002,5.5166664,15.233334],"rotation":{"angle":0.0,"axis":"x","origin":[-3.4000006,3.7166665,3.233333]},"faces":{"down":{"uv":[4.75,2.5,0.0,5.0],"rotation":0,"texture":"#0","tintindex":0},"east":{"uv":[9.375,2.0,11.875,2.25],"rotation":0,"texture":"#0","tintindex":0},"north":{"uv":[9.0,8.125,13.75,8.375],"rotation":0,"texture":"#0","tintindex":0},"south":{"uv":[9.0,8.375,13.75,8.625],"rotation":0,"texture":"#0","tintindex":0},"up":{"uv":[4.75,2.5,0.0,0.0],"rotation":0,"texture":"#0","tintindex":0},"west":{"uv":[9.375,2.25,11.875,2.5],"rotation":0,"texture":"#0","tintindex":0}}},{"name":"cube","from":[-3.7000003,10.316667,3.233333],"to":[-1.9000006,13.316667,3.833333],"rotation":{"angle":0.0,"axis":"x","origin":[2.8999999,3.7166665,3.233333]},"faces":{"down":{"uv":[4.125,8.5,3.75,8.625],"rotation":0,"texture":"#0","tintindex":0},"east":{"uv":[3.875,10.875,4.0,11.5],"rotation":0,"texture":"#0","tintindex":0},"north":{"uv":[1.5,11.75,1.875,12.375],"rotation":0,"texture":"#0","tintindex":0},"south":{"uv":[5.75,11.75,6.125,12.375],"rotation":0,"texture":"#0","tintindex":0},"up":{"uv":[3.75,8.625,3.375,8.5],"rotation":0,"texture":"#0","tintindex":0},"west":{"uv":[11.75,12.0,11.875,12.625],"rotation":0,"texture":"#0","tintindex":0}}},{"name":"cube","from":[17.900002,10.316667,3.233333],"to":[19.7,13.316667,3.833333],"rotation":{"angle":0.0,"axis":"x","origin":[13.1,3.7166665,3.233333]},"faces":{"down":{"uv":[9.25,4.875,8.875,5.0],"rotation":0,"texture":"#0","tintindex":0},"east":{"uv":[1.25,12.125,1.375,12.75],"rotation":0,"texture":"#0","tintindex":0},"north":{"uv":[6.125,11.75,6.5,12.375],"rotation":0,"texture":"#0","tintindex":0},"south":{"uv":[11.75,6.625,12.125,7.25],"rotation":0,"texture":"#0","tintindex":0},"up":{"uv":[9.25,4.875,8.875,4.75],"rotation":0,"texture":"#0","tintindex":0},"west":{"uv":[1.375,12.125,1.5,12.75],"rotation":0,"texture":"#0","tintindex":0}}},{"name":"cube","from":[-4.6000004,3.7166665,2.633333],"to":[-2.2000003,6.116667,15.833334],"rotation":{"angle":0.0,"axis":"x","origin":[-3.4000006,3.7166665,3.233333]},"faces":{"down":{"uv":[0.5,9.0,0.0,11.75],"rotation":0,"texture":"#0","tintindex":0},"east":{"uv":[7.125,8.625,9.875,9.125],"rotation":0,"texture":"#0","tintindex":0},"north":{"uv":[11.625,0.0,12.125,0.5],"rotation":0,"texture":"#0","tintindex":0},"south":{"uv":[2.125,11.625,2.625,12.125],"rotation":0,"texture":"#0","tintindex":0},"up":{"uv":[9.375,3.25,8.875,0.5],"rotation":0,"texture":"#0","tintindex":0},"west":{"uv":[8.875,0.0,11.625,0.5],"rotation":0,"texture":"#0","tintindex":0}}},{"name":"cube","from":[7.1,3.7166665,15.233334],"to":[8.9,10.316667,15.833334],"rotation":{"angle":0.0,"axis":"x","origin":[8.3,-0.48333383,4.433333]},"faces":{"down":{"uv":[12.5,2.875,12.125,3.0],"rotation":0,"texture":"#0","tintindex":0},"east":{"uv":[6.5,11.75,6.625,13.125],"rotation":0,"texture":"#0","tintindex":0},"north":{"uv":[3.5,10.875,3.875,12.25],"rotation":0,"texture":"#0","tintindex":0},"south":{"uv":[10.375,10.875,10.75,12.25],"rotation":0,"texture":"#0","tintindex":0},"up":{"uv":[12.5,2.875,12.125,2.75],"rotation":0,"texture":"#0","tintindex":0},"west":{"uv":[6.625,11.75,6.75,13.125],"rotation":0,"texture":"#0","tintindex":0}}},{"name":"cube","from":[7.1,3.7166665,3.233333],"to":[8.9,4.3166666,15.233334],