{"textures":{"0":"modelengine:entity/villager_xolian_2"},"elements":[{"name":"cube","from":[5.4560003,10.575735,6.734],"to":[10.544001,17.571737,11.8220005],"rotation":{"angle":0.0,"axis":"x","origin":[8.0,15.664403,8.404497]},"faces":{"down":{"uv":[4.3125,2.5,3.25,3.5625],"rotation":0,"texture":"#0","tintindex":0},"east":{"uv":[1.125,0.0,2.1875,1.4375],"rotation":0,"texture":"#0","tintindex":0},"north":{"uv":[0.0,0.0,1.0625,1.4375],"rotation":0,"texture":"#0","tintindex":0},"south":{"uv":[0.0,1.5,1.0625,2.9375],"rotation":0,"texture":"#0","tintindex":0},"up":{"uv":[3.0625,4.3125,2.0,3.25],"rotation":0,"texture":"#0","tintindex":0},"west":{"uv":[1.125,1.5,2.1875,2.9375],"rotation":0,"texture":"#0","tintindex":0}}},{"name":"cube","from":[5.138,15.780206,5.9085236],"to":[10.862,19.032204,11.632524],"rotation":{"angle":22.5,"axis":"x","origin":[8.0,15.664403,8.404497]},"faces":{"down":{"uv":[4.4375,1.25,3.25,2.4375],"rotation":0,"texture":"#0","tintindex":0},"east":{"uv":[4.5,0.75,5.6875,1.4375],"rotation":0,"texture":"#0","tintindex":0},"north":{"uv":[4.5,0.0,5.6875,0.6875],"rotation":0,"texture":"#0","tintindex":0},"south":{"uv":[4.5,1.5,5.6875,2.1875],"rotation":0,"texture":"#0","tintindex":0},"up":{"uv":[4.4375,1.1875,3.25,0.0],"rotation":0,"texture":"#0","tintindex":0},"west":{"uv":[0.0,4.625,1.1875,5.3125],"rotation":0,"texture":"#0","tintindex":0}}},{"name":"cube","from":[5.138,18.613285,8.602731],"to":[10.862,18.613285,11.854731],"rotation":{"angle":-22.5,"axis":"x","origin":[8.0,16.11731,5.186928]},"faces":{"down":{"uv":[3.9375,4.75,2.75,5.4375],"rotation":0,"texture":"#0","tintindex":0},"east":{"uv":[3.9375,5.4375,2.75,4.75],"rotation":0,"texture":"#0","tintindex":0},"north":{"uv":[3.9375,5.4375,2.75,4.75],"rotation":0,"texture":"#0","tintindex":0},"south":{"uv":[3.9375,5.4375,2.75,4.75],"rotation":0,"texture":"#0","tintindex":0},"up":{"uv":[3.9375,5.4375,2.75,4.75],"rotation":0,"texture":"#0","tintindex":0},"west":{"uv":[3.9375,5.4375,2.75,4.75],"rotation":0,"texture":"#0","tintindex":0}}},{"name":"cube","from":[5.138,22.79182,8.089121],"to":[10.862,22.79182,11.341122],"rotation":{"angle":22.5,"axis":"x","origin":[8.0,16.095844,4.673319]},"faces":{"down":{"uv":[6.3125,2.25,5.125,2.9375],"rotation":0,"texture":"#0","tintindex":0},"east":{"uv":[6.3125,2.9375,5.125,2.25],"rotation":0,"texture":"#0","tintindex":0},"north":{"uv":[6.3125,2.9375,5.125,2.25],"rotation":0,"texture":"#0","tintindex":0},"south":{"uv":[6.3125,2.9375,5.125,2.25],"rotation":0,"texture":"#0","tintindex":0},"up":{"uv":[6.3125,2.9375,5.125,2.25],"rotation":0,"texture":"#0","tintindex":0},"west":{"uv":[6.3125,2.9375,5.125,2.25],"rotation":0,"texture":"#0","tintindex":0}}},{"name":"cube","from":[5.138,22.191818,8.689121],"to":[10.862,22.191818,11.941122],"rotation":{"angle":22.5,"axis":"x","origin":[8.0,15.495845,5.273319]},"faces":{"down":{"uv":[6.3125,3.75,5.125,4.4375],"rotation":0,"texture":"#0","tintindex":0},"east":{"uv":[6.3125,4.4375,5.125,3.75],"rotation":0,"texture":"#0","tintindex":0},"north":{"uv":[6.3125,4.4375,5.125,3.75],"rotation":0,"texture":"#0","tintindex":0},"south":{"uv":[6.3125,4.4375,5.125,3.75],"rotation":0,"texture":"#0","tintindex":0},"up":{"uv":[6.3125,4.4375,5.125,3.75],"rotation":0,"texture":"#0","tintindex":0},"west":{"uv":[6.3125,4.4375,5.125,3.75],"rotation":0,"texture":"#0","tintindex":0}}},{"name":"cube","from":[5.138,18.013285,9.20273],"to":[10.862,18.013285,12.454731],"rotation":{"angle":-22.5,"axis":"x","origin":[8.0,15.517311,5.7869277]},"faces":{"down":{"uv":[6.4375,5.25,5.25,5.9375],"rotation":0,"texture":"#0","tintindex":0},"east":{"uv":[6.4375,5.9375,5.25,5.25],"rotation":0,"texture":"#0","tintindex":0},"north":{"uv":[6.4375,5.9375,5.25,5.25],"rotation":0,"texture":"#0","tintindex":0},"south":{"uv":[6.4375,5.9375,5.25,5.25],"rotation":0,"texture":"#0","tintindex":0},"up":{"uv":[6.4375,5.9375,5.25,5.25],"rotation":0,"texture":"#0","tintindex":0},"west":{"uv":[6.4375,5.9375,5.25,5.25],"rotation":0,"texture":"#0","tintindex":0}}},{"name":"cube","from":[5.138,20.991817,9.889122],"to":[10.862,20.991817,13.141121],"rotation":{"angle":22.5,"axis":"x","origin":[8.0,14.295845,6.4733186]},"faces":{"down":{"uv":[2.4375,5.5,1.25,6.1875],"rotation":0,"texture":"#0","tintindex":0},"east":{"uv":[2.4375,6.1875,1.25,5.5],"rotation":0,"texture":"#0","tintindex":0},"north":{"uv":[2.4375,6.1875,1.25,5.5],"rotation":0,"texture":"#0","tintindex":0},"south":{"uv":[2.4375,6.1875,1.25,5.5],"rotation":0,"texture":"#0","tintindex":0},"up":{"uv":[2.4375,6.1875,1.25,5.5],"rotation":0,"texture":"#0","tintindex":0},"west":{"uv":[2.4375,6.1875,1.25,5.5],"rotation":0,"texture":"#0","tintindex":0}}},{"name":"cube","from":[5.138,16.813284,10.402731],"to":[10.862,16.813284,13.654731],"rotation":{"angle":-22.5,"axis":"x","origin":[8.0,14.31731,6.986928]},"faces":{"down":{"uv":[4.9375,5.5,3.75,6.1875],"rotation":0,"texture":"#0","tintindex":0},"east":{"uv":[4.9375,6.1875,3.75,5.5],"rotation":0,"texture":"#0","tintindex":0},"north":{"uv":[4.9375,6.1875,3.75,5.5],"rotation":0,"texture":"#0","tintindex":0},"south":{"uv":[4.9375,6.1875,3.75,5.5],"rotation":0,"texture":"#0","tintindex":0},"up":{"uv":[4.9375,6.1875,3.75,5.5],"rotation":0,"texture":"#0","tintindex":0},"west":{"uv":[4.9375,6.1875,3.75,5.5],"rotation":0,"texture":"#0","tintindex":0}}},{"name":"cube","from":[5.138,15.613284,11.602731],"to":[10.862,15.613284,14.854731],"rotation":{"angle":-22.5,"axis":"x","origin":[8.0,13.117311,8.186928]},"faces":{"down":{"uv":[6.9375,0.75,5.75,1.4375],"rotation":0,"texture":"#0","tintindex":0},"east":{"uv":[6.9375,1.4375,5.75,0.75],"rotation":0,"texture":"#0","tintindex":0},"north":{"uv":[6.9375,1.4375,5.75,0.75],"rotation":0,"texture":"#0","tintindex":0},"south":{"uv":[6.9375,1.4375,5.75,0.75],"rotation":0,"texture":"#0","tintindex":0},"up":{"uv":[6.9375,1.4375,5.75,0.75],"rotation":0,"texture":"#0","tintindex":0},"west":{"uv":[6.9375,1.4375,5.75,0.75],"rotation":0,"texture":"#0","tintindex":0}}},{"name":"cube","from":[5.138,19.791817,11.089123],"to":[10.862,19.791817,14.341121],"rotation":{"angle":22.5,"axis":"x","origin":[8.0,13.095845,7.673319]},"faces":{"down":{"uv":[6.1875,6.0,5.0,6.6875],"rotation":0,"texture":"#0","tintindex":0},"east":{"uv":[6.1875,6.6875,5.0,6.0],"rotation":0,"texture":"#0","tintindex":0},"north":{"uv":[6.1875,6.6875,5.0,6.0],"rotation":0,"texture":"#0","tintindex":0},"south":{"uv":[6.1875,6.6875,5.0,6.0],"rotation":0,"texture":"#0","tintindex":0},"up":{"uv":[6.1875,6.6875,5.0,6.0],"rotation":0,"texture":"#0","tintindex":0},"west":{"uv":[6.1875,6.6875,5.0,6.0],"rotation":0,"texture":"#0","tintindex":0}}},{"name":"cube","from":[4.184,9.939735,7.052],"to":[5.4560003,17.571737,11.504001],"rotation":{"angle":0.0,"axis":"x","origin":[8.0,15.664403,8.404497]},"faces":{"down":{"uv":[7.625,3.125,7.375,4.0625],"rotation":0,"texture":"#0","tintindex":0},"east":{"uv":[2.25,0.0,3.1875,1.5625],"rotation":0,"texture":"#0","tintindex":0},"north":{"uv":[1.0,6.875,1.25,8.4375],"rotation":0,"texture":"#0","tintindex":0},"south":{"uv":[1.25,7.0,1.5,8.5625],"rotation":0,"texture":"#0","tintindex":0},"up":{"uv":[6.75,5.9375,6.5,5.0],"rotation":0,"texture":"#0","tintindex":0},"west":{"uv":[2.25,1.625,3.1875,3.1875],"rotation":0,"texture":"#0","tintindex":0}}},{"name":"cube","from":[10.544001,9.939735,7.052],"to":[11.816001,17.571737,11.504001],"rotation":{"angle":0.0,"axis":"x","origin":[8.0,15.664403,8.404497]},"faces":{"down":{"uv":[6.75,7.375,6.5,8.3125],"rotation":0,"texture":"#0","tintindex":0},"east":{"uv":[0.0,3.0,0.9375,4.5625],"rotation":0,"texture":"#0","tintindex":0},"north":{"uv":[1.5,7.0,1.75,8.5625],"rotation":0,"texture":"#0","tintindex":0},"south":{"uv":[1.75,7.0,2.0,8.5625],"rotation":0,"texture":"#0","tintindex":0},"up":{"uv":[6.5,8.3125,6.25,7.375],"rotation":0,"texture":"#0","tintindex":0},"west":{"uv":[1.0,3.0,1.9375,4.5625],"rotation":0,"texture":"#0","tintindex":0}}},{"name":"cube","from":[7.4,9.255736,8.360001],"to":[8.6,11.055737,9.56],